2026-04-27,07:56:09 | INFO | Set random seed to 2026
2026-04-27,07:56:20 | INFO | Epoch 1/20, learning_rate=0.002000
2026-04-27,07:56:21 | INFO |   Batch 0 / 5959: loss=1.000000 cross_entropy_loss=12.000998
2026-04-27,07:56:25 | INFO |   Batch 100 / 5959: loss=1.000000 cross_entropy_loss=11.988171
2026-04-27,07:56:28 | INFO |   Batch 200 / 5959: loss=1.000000 cross_entropy_loss=11.977242
2026-04-27,07:56:32 | INFO |   Batch 300 / 5959: loss=1.000000 cross_entropy_loss=11.961397
2026-04-27,07:56:36 | INFO |   Batch 400 / 5959: loss=1.000000 cross_entropy_loss=11.918017
2026-04-27,07:56:40 | INFO |   Batch 500 / 5959: loss=1.000000 cross_entropy_loss=11.939139
2026-04-27,07:56:43 | INFO |   Batch 600 / 5959: loss=1.000000 cross_entropy_loss=11.905462
2026-04-27,07:56:47 | INFO |   Batch 700 / 5959: loss=1.000000 cross_entropy_loss=11.896052
2026-04-27,07:56:51 | INFO |   Batch 800 / 5959: loss=1.000000 cross_entropy_loss=11.842642
2026-04-27,07:56:55 | INFO |   Batch 900 / 5959: loss=1.000000 cross_entropy_loss=11.869287
2026-04-27,07:56:58 | INFO |   Batch 1000 / 5959: loss=1.000000 cross_entropy_loss=11.811232
2026-04-27,07:57:02 | INFO |   Batch 1100 / 5959: loss=1.000000 cross_entropy_loss=11.803050
2026-04-27,07:57:06 | INFO |   Batch 1200 / 5959: loss=1.000000 cross_entropy_loss=11.809668
2026-04-27,07:57:10 | INFO |   Batch 1300 / 5959: loss=1.000000 cross_entropy_loss=11.800208
2026-04-27,07:57:13 | INFO |   Batch 1400 / 5959: loss=1.000000 cross_entropy_loss=11.733742
2026-04-27,07:57:17 | INFO |   Batch 1500 / 5959: loss=1.000000 cross_entropy_loss=11.759226
2026-04-27,07:57:21 | INFO |   Batch 1600 / 5959: loss=1.000000 cross_entropy_loss=11.750786
2026-04-27,07:57:25 | INFO |   Batch 1700 / 5959: loss=1.000000 cross_entropy_loss=11.679756
2026-04-27,07:57:28 | INFO |   Batch 1800 / 5959: loss=1.000000 cross_entropy_loss=11.741874
2026-04-27,07:57:32 | INFO |   Batch 1900 / 5959: loss=1.000000 cross_entropy_loss=11.682907
2026-04-27,07:57:36 | INFO |   Batch 2000 / 5959: loss=1.000000 cross_entropy_loss=11.665937
2026-04-27,07:57:40 | INFO |   Batch 2100 / 5959: loss=1.000000 cross_entropy_loss=11.670231
2026-04-27,07:57:43 | INFO |   Batch 2200 / 5959: loss=1.000000 cross_entropy_loss=11.728771
2026-04-27,07:57:47 | INFO |   Batch 2300 / 5959: loss=1.000000 cross_entropy_loss=11.584601
2026-04-27,07:57:51 | INFO |   Batch 2400 / 5959: loss=1.000000 cross_entropy_loss=11.662537
2026-04-27,07:57:55 | INFO |   Batch 2500 / 5959: loss=1.000000 cross_entropy_loss=11.571383
2026-04-27,07:57:58 | INFO |   Batch 2600 / 5959: loss=1.000000 cross_entropy_loss=11.558510
2026-04-27,07:58:02 | INFO |   Batch 2700 / 5959: loss=1.000000 cross_entropy_loss=11.506686
2026-04-27,07:58:06 | INFO |   Batch 2800 / 5959: loss=1.000000 cross_entropy_loss=11.410068
2026-04-27,07:58:10 | INFO |   Batch 2900 / 5959: loss=1.000000 cross_entropy_loss=11.762457
2026-04-27,07:58:13 | INFO |   Batch 3000 / 5959: loss=1.000000 cross_entropy_loss=11.653914
2026-04-27,07:58:17 | INFO |   Batch 3100 / 5959: loss=1.000000 cross_entropy_loss=11.517895
2026-04-27,07:58:21 | INFO |   Batch 3200 / 5959: loss=1.000000 cross_entropy_loss=11.552458
2026-04-27,07:58:25 | INFO |   Batch 3300 / 5959: loss=1.000000 cross_entropy_loss=11.518113
2026-04-27,07:58:28 | INFO |   Batch 3400 / 5959: loss=1.000000 cross_entropy_loss=11.468554
2026-04-27,07:58:32 | INFO |   Batch 3500 / 5959: loss=1.000000 cross_entropy_loss=11.632334
2026-04-27,07:58:36 | INFO |   Batch 3600 / 5959: loss=1.000000 cross_entropy_loss=11.391211
2026-04-27,07:58:40 | INFO |   Batch 3700 / 5959: loss=1.000000 cross_entropy_loss=11.447201
2026-04-27,07:58:44 | INFO |   Batch 3800 / 5959: loss=1.000000 cross_entropy_loss=11.348358
2026-04-27,07:58:47 | INFO |   Batch 3900 / 5959: loss=1.000000 cross_entropy_loss=11.123825
2026-04-27,07:58:51 | INFO |   Batch 4000 / 5959: loss=1.000000 cross_entropy_loss=11.279329
2026-04-27,07:58:55 | INFO |   Batch 4100 / 5959: loss=1.000000 cross_entropy_loss=11.483171
2026-04-27,07:58:59 | INFO |   Batch 4200 / 5959: loss=1.000000 cross_entropy_loss=11.584783
2026-04-27,07:59:02 | INFO |   Batch 4300 / 5959: loss=1.000000 cross_entropy_loss=11.488721
2026-04-27,07:59:06 | INFO |   Batch 4400 / 5959: loss=1.000000 cross_entropy_loss=11.459028
2026-04-27,07:59:10 | INFO |   Batch 4500 / 5959: loss=1.000000 cross_entropy_loss=11.310901
2026-04-27,07:59:14 | INFO |   Batch 4600 / 5959: loss=1.000000 cross_entropy_loss=11.587867
2026-04-27,07:59:17 | INFO |   Batch 4700 / 5959: loss=1.000000 cross_entropy_loss=11.692026
2026-04-27,07:59:21 | INFO |   Batch 4800 / 5959: loss=1.000000 cross_entropy_loss=11.379959
2026-04-27,07:59:25 | INFO |   Batch 4900 / 5959: loss=1.000000 cross_entropy_loss=11.229321
2026-04-27,07:59:29 | INFO |   Batch 5000 / 5959: loss=1.000000 cross_entropy_loss=11.298701
2026-04-27,07:59:32 | INFO |   Batch 5100 / 5959: loss=1.000000 cross_entropy_loss=11.459657
2026-04-27,07:59:36 | INFO |   Batch 5200 / 5959: loss=1.000000 cross_entropy_loss=11.434467
2026-04-27,07:59:40 | INFO |   Batch 5300 / 5959: loss=1.000000 cross_entropy_loss=11.343882
2026-04-27,07:59:44 | INFO |   Batch 5400 / 5959: loss=1.000000 cross_entropy_loss=11.097386
2026-04-27,07:59:47 | INFO |   Batch 5500 / 5959: loss=1.000000 cross_entropy_loss=11.443925
2026-04-27,07:59:51 | INFO |   Batch 5600 / 5959: loss=1.000000 cross_entropy_loss=11.249867
2026-04-27,07:59:55 | INFO |   Batch 5700 / 5959: loss=1.000000 cross_entropy_loss=11.389871
2026-04-27,07:59:59 | INFO |   Batch 5800 / 5959: loss=1.000000 cross_entropy_loss=11.309175
2026-04-27,08:00:02 | INFO |   Batch 5900 / 5959: loss=1.000000 cross_entropy_loss=11.246868
2026-04-27,08:00:05 | INFO | Evaluating on validation set
2026-04-27,08:00:05 | INFO |   Batch 0 / 745: loss=11.283878
2026-04-27,08:00:06 | INFO |   Batch 100 / 745: loss=11.530633
2026-04-27,08:00:07 | INFO |   Batch 200 / 745: loss=11.240550
2026-04-27,08:00:08 | INFO |   Batch 300 / 745: loss=11.144790
2026-04-27,08:00:08 | INFO |   Batch 400 / 745: loss=11.377364
2026-04-27,08:00:09 | INFO |   Batch 500 / 745: loss=11.414784
2026-04-27,08:00:10 | INFO |   Batch 600 / 745: loss=11.166828
2026-04-27,08:00:11 | INFO |   Batch 700 / 745: loss=11.284804
2026-04-27,08:00:11 | INFO | New best model found
2026-04-27,08:00:11 | INFO | Epoch 1: cross_entropy_loss=11.573647 val_loss=11.276416 val_acc=0.134217
2026-04-27,08:00:11 | INFO |   Best val_acc=0.134217
2026-04-27,08:00:12 | INFO | Saved checkpoint for epoch 1.
2026-04-27,08:00:12 | INFO | Epoch 2/20, learning_rate=0.001988
2026-04-27,08:00:13 | INFO |   Batch 0 / 5959: loss=0.900058 cross_entropy_loss=10.977853
2026-04-27,08:00:16 | INFO |   Batch 100 / 5959: loss=0.928854 cross_entropy_loss=11.141276
2026-04-27,08:00:20 | INFO |   Batch 200 / 5959: loss=0.916000 cross_entropy_loss=11.202915
2026-04-27,08:00:24 | INFO |   Batch 300 / 5959: loss=0.902964 cross_entropy_loss=11.031697
2026-04-27,08:00:28 | INFO |   Batch 400 / 5959: loss=0.875221 cross_entropy_loss=10.926195
2026-04-27,08:00:31 | INFO |   Batch 500 / 5959: loss=0.926504 cross_entropy_loss=11.344028
2026-04-27,08:00:35 | INFO |   Batch 600 / 5959: loss=0.899594 cross_entropy_loss=11.173470
2026-04-27,08:00:39 | INFO |   Batch 700 / 5959: loss=0.940890 cross_entropy_loss=11.431828
2026-04-27,08:00:43 | INFO |   Batch 800 / 5959: loss=0.912976 cross_entropy_loss=11.225438
2026-04-27,08:00:46 | INFO |   Batch 900 / 5959: loss=0.922765 cross_entropy_loss=11.374997
2026-04-27,08:00:50 | INFO |   Batch 1000 / 5959: loss=0.915750 cross_entropy_loss=11.227804
2026-04-27,08:00:54 | INFO |   Batch 1100 / 5959: loss=0.902786 cross_entropy_loss=11.179747
2026-04-27,08:00:58 | INFO |   Batch 1200 / 5959: loss=0.916148 cross_entropy_loss=11.145827
2026-04-27,08:01:01 | INFO |   Batch 1300 / 5959: loss=0.898192 cross_entropy_loss=11.280315
2026-04-27,08:01:05 | INFO |   Batch 1400 / 5959: loss=0.916555 cross_entropy_loss=11.421677
2026-04-27,08:01:09 | INFO |   Batch 1500 / 5959: loss=0.910106 cross_entropy_loss=11.232485
2026-04-27,08:01:13 | INFO |   Batch 1600 / 5959: loss=0.869004 cross_entropy_loss=11.195216
2026-04-27,08:01:16 | INFO |   Batch 1700 / 5959: loss=0.926553 cross_entropy_loss=11.457136
2026-04-27,08:01:20 | INFO |   Batch 1800 / 5959: loss=0.907423 cross_entropy_loss=11.186044
2026-04-27,08:01:24 | INFO |   Batch 1900 / 5959: loss=0.841548 cross_entropy_loss=10.833929
2026-04-27,08:01:28 | INFO |   Batch 2000 / 5959: loss=0.874160 cross_entropy_loss=11.110082
2026-04-27,08:01:31 | INFO |   Batch 2100 / 5959: loss=0.902845 cross_entropy_loss=11.117961
2026-04-27,08:01:35 | INFO |   Batch 2200 / 5959: loss=0.906602 cross_entropy_loss=11.421760
2026-04-27,08:01:39 | INFO |   Batch 2300 / 5959: loss=0.901080 cross_entropy_loss=11.184485
2026-04-27,08:01:43 | INFO |   Batch 2400 / 5959: loss=0.881035 cross_entropy_loss=11.001646
2026-04-27,08:01:47 | INFO |   Batch 2500 / 5959: loss=0.902200 cross_entropy_loss=11.373403
2026-04-27,08:01:50 | INFO |   Batch 2600 / 5959: loss=0.899155 cross_entropy_loss=11.218548
2026-04-27,08:01:54 | INFO |   Batch 2700 / 5959: loss=0.906113 cross_entropy_loss=11.307078
2026-04-27,08:01:58 | INFO |   Batch 2800 / 5959: loss=0.898680 cross_entropy_loss=11.215255
2026-04-27,08:02:02 | INFO |   Batch 2900 / 5959: loss=0.917052 cross_entropy_loss=11.358674
2026-04-27,08:02:05 | INFO |   Batch 3000 / 5959: loss=0.895539 cross_entropy_loss=11.355862
2026-04-27,08:02:09 | INFO |   Batch 3100 / 5959: loss=0.858889 cross_entropy_loss=10.968802
2026-04-27,08:02:13 | INFO |   Batch 3200 / 5959: loss=0.862509 cross_entropy_loss=10.995646
2026-04-27,08:02:17 | INFO |   Batch 3300 / 5959: loss=0.897776 cross_entropy_loss=11.173594
2026-04-27,08:02:20 | INFO |   Batch 3400 / 5959: loss=0.886753 cross_entropy_loss=11.184834
2026-04-27,08:02:24 | INFO |   Batch 3500 / 5959: loss=0.900521 cross_entropy_loss=11.207888
2026-04-27,08:02:28 | INFO |   Batch 3600 / 5959: loss=0.888955 cross_entropy_loss=11.098245
2026-04-27,08:02:32 | INFO |   Batch 3700 / 5959: loss=0.893258 cross_entropy_loss=11.064749
2026-04-27,08:02:35 | INFO |   Batch 3800 / 5959: loss=0.865101 cross_entropy_loss=10.982421
2026-04-27,08:02:39 | INFO |   Batch 3900 / 5959: loss=0.856921 cross_entropy_loss=11.135311
2026-04-27,08:02:43 | INFO |   Batch 4000 / 5959: loss=0.865716 cross_entropy_loss=11.111200
2026-04-27,08:02:47 | INFO |   Batch 4100 / 5959: loss=0.889084 cross_entropy_loss=11.330101
2026-04-27,08:02:50 | INFO |   Batch 4200 / 5959: loss=0.874238 cross_entropy_loss=11.052053
2026-04-27,08:02:54 | INFO |   Batch 4300 / 5959: loss=0.872952 cross_entropy_loss=11.099961
2026-04-27,08:02:58 | INFO |   Batch 4400 / 5959: loss=0.848639 cross_entropy_loss=11.020288
2026-04-27,08:03:01 | INFO |   Batch 4500 / 5959: loss=0.875602 cross_entropy_loss=11.139964
2026-04-27,08:03:05 | INFO |   Batch 4600 / 5959: loss=0.877309 cross_entropy_loss=10.912639
2026-04-27,08:03:09 | INFO |   Batch 4700 / 5959: loss=0.868264 cross_entropy_loss=11.165539
2026-04-27,08:03:13 | INFO |   Batch 4800 / 5959: loss=0.854326 cross_entropy_loss=10.962491
2026-04-27,08:03:16 | INFO |   Batch 4900 / 5959: loss=0.893506 cross_entropy_loss=11.394657
2026-04-27,08:03:20 | INFO |   Batch 5000 / 5959: loss=0.857767 cross_entropy_loss=11.250841
2026-04-27,08:03:24 | INFO |   Batch 5100 / 5959: loss=0.855541 cross_entropy_loss=11.077522
2026-04-27,08:03:28 | INFO |   Batch 5200 / 5959: loss=0.841030 cross_entropy_loss=10.955183
2026-04-27,08:03:31 | INFO |   Batch 5300 / 5959: loss=0.847764 cross_entropy_loss=11.061559
2026-04-27,08:03:35 | INFO |   Batch 5400 / 5959: loss=0.841925 cross_entropy_loss=10.865438
2026-04-27,08:03:39 | INFO |   Batch 5500 / 5959: loss=0.864199 cross_entropy_loss=11.164637
2026-04-27,08:03:43 | INFO |   Batch 5600 / 5959: loss=0.840727 cross_entropy_loss=10.837968
2026-04-27,08:03:46 | INFO |   Batch 5700 / 5959: loss=0.863642 cross_entropy_loss=11.075806
2026-04-27,08:03:50 | INFO |   Batch 5800 / 5959: loss=0.873543 cross_entropy_loss=11.153478
2026-04-27,08:03:54 | INFO |   Batch 5900 / 5959: loss=0.869101 cross_entropy_loss=11.100079
2026-04-27,08:03:56 | INFO | Evaluating on validation set
2026-04-27,08:03:57 | INFO |   Batch 0 / 745: loss=11.103804
2026-04-27,08:03:58 | INFO |   Batch 100 / 745: loss=11.377571
2026-04-27,08:03:59 | INFO |   Batch 200 / 745: loss=11.038568
2026-04-27,08:03:59 | INFO |   Batch 300 / 745: loss=10.943818
2026-04-27,08:04:00 | INFO |   Batch 400 / 745: loss=11.199894
2026-04-27,08:04:01 | INFO |   Batch 500 / 745: loss=11.241904
2026-04-27,08:04:02 | INFO |   Batch 600 / 745: loss=10.965020
2026-04-27,08:04:03 | INFO |   Batch 700 / 745: loss=11.115445
2026-04-27,08:04:03 | INFO | New best model found
2026-04-27,08:04:03 | INFO | Epoch 2: cross_entropy_loss=11.162923 val_loss=11.091052 val_acc=0.140521
2026-04-27,08:04:03 | INFO |   Best val_acc=0.140521
2026-04-27,08:04:04 | INFO | Saved checkpoint for epoch 2.
2026-04-27,08:04:04 | INFO | Epoch 3/20, learning_rate=0.001951
2026-04-27,08:04:05 | INFO |   Batch 0 / 5959: loss=0.908365 cross_entropy_loss=11.105767
2026-04-27,08:04:08 | INFO |   Batch 100 / 5959: loss=0.900437 cross_entropy_loss=11.246577
2026-04-27,08:04:12 | INFO |   Batch 200 / 5959: loss=0.887482 cross_entropy_loss=11.177526
2026-04-27,08:04:16 | INFO |   Batch 300 / 5959: loss=0.906481 cross_entropy_loss=11.355584
2026-04-27,08:04:20 | INFO |   Batch 400 / 5959: loss=0.891630 cross_entropy_loss=11.013067
2026-04-27,08:04:23 | INFO |   Batch 500 / 5959: loss=0.886943 cross_entropy_loss=10.980242
2026-04-27,08:04:27 | INFO |   Batch 600 / 5959: loss=0.872020 cross_entropy_loss=10.893669
2026-04-27,08:04:31 | INFO |   Batch 700 / 5959: loss=0.863807 cross_entropy_loss=10.966109
2026-04-27,08:04:35 | INFO |   Batch 800 / 5959: loss=0.897823 cross_entropy_loss=11.302924
2026-04-27,08:04:38 | INFO |   Batch 900 / 5959: loss=0.888413 cross_entropy_loss=10.953109
2026-04-27,08:04:42 | INFO |   Batch 1000 / 5959: loss=0.845721 cross_entropy_loss=10.774079
2026-04-27,08:04:46 | INFO |   Batch 1100 / 5959: loss=0.869691 cross_entropy_loss=10.953506
2026-04-27,08:04:50 | INFO |   Batch 1200 / 5959: loss=0.879102 cross_entropy_loss=11.007310
2026-04-27,08:04:54 | INFO |   Batch 1300 / 5959: loss=0.871830 cross_entropy_loss=10.973102
2026-04-27,08:04:57 | INFO |   Batch 1400 / 5959: loss=0.892690 cross_entropy_loss=11.133253
2026-04-27,08:05:01 | INFO |   Batch 1500 / 5959: loss=0.871659 cross_entropy_loss=10.982520
2026-04-27,08:05:05 | INFO |   Batch 1600 / 5959: loss=0.859184 cross_entropy_loss=11.013236
2026-04-27,08:05:09 | INFO |   Batch 1700 / 5959: loss=0.887996 cross_entropy_loss=11.053587
2026-04-27,08:05:12 | INFO |   Batch 1800 / 5959: loss=0.850965 cross_entropy_loss=10.986534
2026-04-27,08:05:16 | INFO |   Batch 1900 / 5959: loss=0.845511 cross_entropy_loss=10.744298
2026-04-27,08:05:20 | INFO |   Batch 2000 / 5959: loss=0.868162 cross_entropy_loss=10.967236
2026-04-27,08:05:24 | INFO |   Batch 2100 / 5959: loss=0.848637 cross_entropy_loss=10.923298
2026-04-27,08:05:27 | INFO |   Batch 2200 / 5959: loss=0.873208 cross_entropy_loss=10.767250
2026-04-27,08:05:31 | INFO |   Batch 2300 / 5959: loss=0.864760 cross_entropy_loss=11.128542
2026-04-27,08:05:35 | INFO |   Batch 2400 / 5959: loss=0.839737 cross_entropy_loss=10.608646
2026-04-27,08:05:39 | INFO |   Batch 2500 / 5959: loss=0.848605 cross_entropy_loss=10.971001
2026-04-27,08:05:42 | INFO |   Batch 2600 / 5959: loss=0.858435 cross_entropy_loss=11.054462
2026-04-27,08:05:46 | INFO |   Batch 2700 / 5959: loss=0.857814 cross_entropy_loss=10.857387
2026-04-27,08:05:50 | INFO |   Batch 2800 / 5959: loss=0.846058 cross_entropy_loss=10.780964
2026-04-27,08:05:54 | INFO |   Batch 2900 / 5959: loss=0.830904 cross_entropy_loss=10.643281
2026-04-27,08:05:58 | INFO |   Batch 3000 / 5959: loss=0.861183 cross_entropy_loss=10.883000
2026-04-27,08:06:01 | INFO |   Batch 3100 / 5959: loss=0.861705 cross_entropy_loss=10.946260
2026-04-27,08:06:05 | INFO |   Batch 3200 / 5959: loss=0.879846 cross_entropy_loss=11.154867
2026-04-27,08:06:09 | INFO |   Batch 3300 / 5959: loss=0.853994 cross_entropy_loss=10.806988
2026-04-27,08:06:12 | INFO |   Batch 3400 / 5959: loss=0.850990 cross_entropy_loss=10.938780
2026-04-27,08:06:16 | INFO |   Batch 3500 / 5959: loss=0.855819 cross_entropy_loss=10.832816
2026-04-27,08:06:20 | INFO |   Batch 3600 / 5959: loss=0.856283 cross_entropy_loss=11.040514
2026-04-27,08:06:24 | INFO |   Batch 3700 / 5959: loss=0.859448 cross_entropy_loss=11.048271
2026-04-27,08:06:28 | INFO |   Batch 3800 / 5959: loss=0.848231 cross_entropy_loss=11.020844
2026-04-27,08:06:31 | INFO |   Batch 3900 / 5959: loss=0.829042 cross_entropy_loss=10.874713
2026-04-27,08:06:35 | INFO |   Batch 4000 / 5959: loss=0.834622 cross_entropy_loss=11.018318
2026-04-27,08:06:39 | INFO |   Batch 4100 / 5959: loss=0.843426 cross_entropy_loss=11.078719
2026-04-27,08:06:43 | INFO |   Batch 4200 / 5959: loss=0.842705 cross_entropy_loss=10.991605
2026-04-27,08:06:46 | INFO |   Batch 4300 / 5959: loss=0.837890 cross_entropy_loss=11.038165
2026-04-27,08:06:50 | INFO |   Batch 4400 / 5959: loss=0.861292 cross_entropy_loss=10.941977
2026-04-27,08:06:54 | INFO |   Batch 4500 / 5959: loss=0.844542 cross_entropy_loss=10.874656
2026-04-27,08:06:58 | INFO |   Batch 4600 / 5959: loss=0.848689 cross_entropy_loss=11.144244
2026-04-27,08:07:01 | INFO |   Batch 4700 / 5959: loss=0.845136 cross_entropy_loss=10.953506
2026-04-27,08:07:05 | INFO |   Batch 4800 / 5959: loss=0.858364 cross_entropy_loss=10.992164
2026-04-27,08:07:09 | INFO |   Batch 4900 / 5959: loss=0.845650 cross_entropy_loss=10.861020
2026-04-27,08:07:12 | INFO |   Batch 5000 / 5959: loss=0.839190 cross_entropy_loss=10.778805
2026-04-27,08:07:16 | INFO |   Batch 5100 / 5959: loss=0.853925 cross_entropy_loss=11.022798
2026-04-27,08:07:20 | INFO |   Batch 5200 / 5959: loss=0.846002 cross_entropy_loss=10.949301
2026-04-27,08:07:24 | INFO |   Batch 5300 / 5959: loss=0.844748 cross_entropy_loss=10.880089
2026-04-27,08:07:27 | INFO |   Batch 5400 / 5959: loss=0.802048 cross_entropy_loss=10.591103
2026-04-27,08:07:31 | INFO |   Batch 5500 / 5959: loss=0.819915 cross_entropy_loss=10.521521
2026-04-27,08:07:35 | INFO |   Batch 5600 / 5959: loss=0.818213 cross_entropy_loss=10.633487
2026-04-27,08:07:39 | INFO |   Batch 5700 / 5959: loss=0.826401 cross_entropy_loss=10.899783
2026-04-27,08:07:42 | INFO |   Batch 5800 / 5959: loss=0.832868 cross_entropy_loss=10.900434
2026-04-27,08:07:46 | INFO |   Batch 5900 / 5959: loss=0.838625 cross_entropy_loss=11.046059
2026-04-27,08:07:49 | INFO | Evaluating on validation set
2026-04-27,08:07:49 | INFO |   Batch 0 / 745: loss=10.932117
2026-04-27,08:07:50 | INFO |   Batch 100 / 745: loss=11.229317
2026-04-27,08:07:51 | INFO |   Batch 200 / 745: loss=10.850221
2026-04-27,08:07:51 | INFO |   Batch 300 / 745: loss=10.753851
2026-04-27,08:07:52 | INFO |   Batch 400 / 745: loss=11.033933
2026-04-27,08:07:53 | INFO |   Batch 500 / 745: loss=11.075985
2026-04-27,08:07:54 | INFO |   Batch 600 / 745: loss=10.776215
2026-04-27,08:07:55 | INFO |   Batch 700 / 745: loss=10.949236
2026-04-27,08:07:55 | INFO | New best model found
2026-04-27,08:07:55 | INFO | Epoch 3: cross_entropy_loss=10.955462 val_loss=10.915247 val_acc=0.152951
2026-04-27,08:07:55 | INFO |   Best val_acc=0.152951
2026-04-27,08:07:56 | INFO | Saved checkpoint for epoch 3.
2026-04-27,08:07:56 | INFO | Epoch 4/20, learning_rate=0.001891
2026-04-27,08:07:56 | INFO |   Batch 0 / 5959: loss=0.874624 cross_entropy_loss=10.715071
2026-04-27,08:08:00 | INFO |   Batch 100 / 5959: loss=0.850099 cross_entropy_loss=10.764553
2026-04-27,08:08:04 | INFO |   Batch 200 / 5959: loss=0.883999 cross_entropy_loss=10.854290
2026-04-27,08:08:08 | INFO |   Batch 300 / 5959: loss=0.902371 cross_entropy_loss=11.073764
2026-04-27,08:08:12 | INFO |   Batch 400 / 5959: loss=0.899804 cross_entropy_loss=11.130013
2026-04-27,08:08:15 | INFO |   Batch 500 / 5959: loss=0.866697 cross_entropy_loss=10.877405
2026-04-27,08:08:19 | INFO |   Batch 600 / 5959: loss=0.864494 cross_entropy_loss=10.630272
2026-04-27,08:08:23 | INFO |   Batch 700 / 5959: loss=0.852388 cross_entropy_loss=10.794424
2026-04-27,08:08:26 | INFO |   Batch 800 / 5959: loss=0.858303 cross_entropy_loss=10.492785
2026-04-27,08:08:30 | INFO |   Batch 900 / 5959: loss=0.855598 cross_entropy_loss=10.940960
2026-04-27,08:08:34 | INFO |   Batch 1000 / 5959: loss=0.877223 cross_entropy_loss=11.136796
2026-04-27,08:08:38 | INFO |   Batch 1100 / 5959: loss=0.873278 cross_entropy_loss=10.871011
2026-04-27,08:08:42 | INFO |   Batch 1200 / 5959: loss=0.884282 cross_entropy_loss=10.896194
2026-04-27,08:08:45 | INFO |   Batch 1300 / 5959: loss=0.866642 cross_entropy_loss=10.967233
2026-04-27,08:08:49 | INFO |   Batch 1400 / 5959: loss=0.831618 cross_entropy_loss=10.647757
2026-04-27,08:08:53 | INFO |   Batch 1500 / 5959: loss=0.860455 cross_entropy_loss=10.794604
2026-04-27,08:08:57 | INFO |   Batch 1600 / 5959: loss=0.880835 cross_entropy_loss=10.982895
2026-04-27,08:09:00 | INFO |   Batch 1700 / 5959: loss=0.871832 cross_entropy_loss=11.052418
2026-04-27,08:09:04 | INFO |   Batch 1800 / 5959: loss=0.889125 cross_entropy_loss=10.984257
2026-04-27,08:09:08 | INFO |   Batch 1900 / 5959: loss=0.867628 cross_entropy_loss=10.902568
2026-04-27,08:09:12 | INFO |   Batch 2000 / 5959: loss=0.849585 cross_entropy_loss=11.017736
2026-04-27,08:09:15 | INFO |   Batch 2100 / 5959: loss=0.867007 cross_entropy_loss=10.922710
2026-04-27,08:09:19 | INFO |   Batch 2200 / 5959: loss=0.861450 cross_entropy_loss=10.789167
2026-04-27,08:09:23 | INFO |   Batch 2300 / 5959: loss=0.854350 cross_entropy_loss=10.530111
2026-04-27,08:09:27 | INFO |   Batch 2400 / 5959: loss=0.858505 cross_entropy_loss=10.810116
2026-04-27,08:09:30 | INFO |   Batch 2500 / 5959: loss=0.839709 cross_entropy_loss=10.595823
2026-04-27,08:09:34 | INFO |   Batch 2600 / 5959: loss=0.833098 cross_entropy_loss=10.432895
2026-04-27,08:09:38 | INFO |   Batch 2700 / 5959: loss=0.854876 cross_entropy_loss=10.940999
2026-04-27,08:09:42 | INFO |   Batch 2800 / 5959: loss=0.832257 cross_entropy_loss=10.402831
2026-04-27,08:09:45 | INFO |   Batch 2900 / 5959: loss=0.880313 cross_entropy_loss=10.767517
2026-04-27,08:09:49 | INFO |   Batch 3000 / 5959: loss=0.846888 cross_entropy_loss=10.617184
2026-04-27,08:09:53 | INFO |   Batch 3100 / 5959: loss=0.827399 cross_entropy_loss=10.515616
2026-04-27,08:09:57 | INFO |   Batch 3200 / 5959: loss=0.848366 cross_entropy_loss=10.632344
2026-04-27,08:10:00 | INFO |   Batch 3300 / 5959: loss=0.865169 cross_entropy_loss=10.995707
2026-04-27,08:10:04 | INFO |   Batch 3400 / 5959: loss=0.839939 cross_entropy_loss=10.735483
2026-04-27,08:10:08 | INFO |   Batch 3500 / 5959: loss=0.865892 cross_entropy_loss=10.855980
2026-04-27,08:10:12 | INFO |   Batch 3600 / 5959: loss=0.843349 cross_entropy_loss=10.649779
2026-04-27,08:10:16 | INFO |   Batch 3700 / 5959: loss=0.843401 cross_entropy_loss=10.815166
2026-04-27,08:10:19 | INFO |   Batch 3800 / 5959: loss=0.851635 cross_entropy_loss=10.946888
2026-04-27,08:10:23 | INFO |   Batch 3900 / 5959: loss=0.829294 cross_entropy_loss=10.754469
2026-04-27,08:10:27 | INFO |   Batch 4000 / 5959: loss=0.820547 cross_entropy_loss=10.638702
2026-04-27,08:10:30 | INFO |   Batch 4100 / 5959: loss=0.855448 cross_entropy_loss=11.083365
2026-04-27,08:10:34 | INFO |   Batch 4200 / 5959: loss=0.819468 cross_entropy_loss=10.319010
2026-04-27,08:10:38 | INFO |   Batch 4300 / 5959: loss=0.861767 cross_entropy_loss=10.975097
2026-04-27,08:10:42 | INFO |   Batch 4400 / 5959: loss=0.840634 cross_entropy_loss=10.711976
2026-04-27,08:10:46 | INFO |   Batch 4500 / 5959: loss=0.851448 cross_entropy_loss=10.928388
2026-04-27,08:10:49 | INFO |   Batch 4600 / 5959: loss=0.825470 cross_entropy_loss=10.581697
2026-04-27,08:10:53 | INFO |   Batch 4700 / 5959: loss=0.822091 cross_entropy_loss=10.661098
2026-04-27,08:10:57 | INFO |   Batch 4800 / 5959: loss=0.822011 cross_entropy_loss=10.346585
2026-04-27,08:11:01 | INFO |   Batch 4900 / 5959: loss=0.854079 cross_entropy_loss=10.681438
2026-04-27,08:11:04 | INFO |   Batch 5000 / 5959: loss=0.835173 cross_entropy_loss=10.789311
2026-04-27,08:11:08 | INFO |   Batch 5100 / 5959: loss=0.832916 cross_entropy_loss=10.725125
2026-04-27,08:11:12 | INFO |   Batch 5200 / 5959: loss=0.808458 cross_entropy_loss=10.515882
2026-04-27,08:11:15 | INFO |   Batch 5300 / 5959: loss=0.834915 cross_entropy_loss=10.526314
2026-04-27,08:11:19 | INFO |   Batch 5400 / 5959: loss=0.808971 cross_entropy_loss=10.403430
2026-04-27,08:11:23 | INFO |   Batch 5500 / 5959: loss=0.842145 cross_entropy_loss=10.771224
2026-04-27,08:11:27 | INFO |   Batch 5600 / 5959: loss=0.816914 cross_entropy_loss=10.410770
2026-04-27,08:11:30 | INFO |   Batch 5700 / 5959: loss=0.838881 cross_entropy_loss=10.885515
2026-04-27,08:11:34 | INFO |   Batch 5800 / 5959: loss=0.821536 cross_entropy_loss=10.529552
2026-04-27,08:11:38 | INFO |   Batch 5900 / 5959: loss=0.807702 cross_entropy_loss=10.707825
2026-04-27,08:11:40 | INFO | Evaluating on validation set
2026-04-27,08:11:41 | INFO |   Batch 0 / 745: loss=10.778617
2026-04-27,08:11:42 | INFO |   Batch 100 / 745: loss=11.096372
2026-04-27,08:11:43 | INFO |   Batch 200 / 745: loss=10.682391
2026-04-27,08:11:43 | INFO |   Batch 300 / 745: loss=10.587377
2026-04-27,08:11:44 | INFO |   Batch 400 / 745: loss=10.884730
2026-04-27,08:11:45 | INFO |   Batch 500 / 745: loss=10.926440
2026-04-27,08:11:46 | INFO |   Batch 600 / 745: loss=10.606318
2026-04-27,08:11:47 | INFO |   Batch 700 / 745: loss=10.800856
2026-04-27,08:11:47 | INFO | New best model found
2026-04-27,08:11:47 | INFO | Epoch 4: cross_entropy_loss=10.763017 val_loss=10.758809 val_acc=0.170752
2026-04-27,08:11:47 | INFO |   Best val_acc=0.170752
2026-04-27,08:11:48 | INFO | Saved checkpoint for epoch 4.
2026-04-27,08:11:48 | INFO | Epoch 5/20, learning_rate=0.001809
2026-04-27,08:11:48 | INFO |   Batch 0 / 5959: loss=0.860381 cross_entropy_loss=10.634698
2026-04-27,08:11:52 | INFO |   Batch 100 / 5959: loss=0.883836 cross_entropy_loss=10.844944
2026-04-27,08:11:56 | INFO |   Batch 200 / 5959: loss=0.878670 cross_entropy_loss=10.710029
2026-04-27,08:12:00 | INFO |   Batch 300 / 5959: loss=0.893295 cross_entropy_loss=10.835612
2026-04-27,08:12:04 | INFO |   Batch 400 / 5959: loss=0.870557 cross_entropy_loss=10.513514
2026-04-27,08:12:07 | INFO |   Batch 500 / 5959: loss=0.858611 cross_entropy_loss=10.566352
2026-04-27,08:12:11 | INFO |   Batch 600 / 5959: loss=0.885555 cross_entropy_loss=10.818167
2026-04-27,08:12:15 | INFO |   Batch 700 / 5959: loss=0.875813 cross_entropy_loss=10.465095
2026-04-27,08:12:19 | INFO |   Batch 800 / 5959: loss=0.871699 cross_entropy_loss=10.591489
2026-04-27,08:12:22 | INFO |   Batch 900 / 5959: loss=0.857530 cross_entropy_loss=10.374542
2026-04-27,08:12:26 | INFO |   Batch 1000 / 5959: loss=0.871197 cross_entropy_loss=10.750538
2026-04-27,08:12:30 | INFO |   Batch 1100 / 5959: loss=0.890550 cross_entropy_loss=10.752624
2026-04-27,08:12:34 | INFO |   Batch 1200 / 5959: loss=0.878374 cross_entropy_loss=10.743548
2026-04-27,08:12:38 | INFO |   Batch 1300 / 5959: loss=0.873453 cross_entropy_loss=10.629883
2026-04-27,08:12:41 | INFO |   Batch 1400 / 5959: loss=0.864978 cross_entropy_loss=10.657963
2026-04-27,08:12:45 | INFO |   Batch 1500 / 5959: loss=0.861913 cross_entropy_loss=10.617660
2026-04-27,08:12:49 | INFO |   Batch 1600 / 5959: loss=0.862850 cross_entropy_loss=10.748020
2026-04-27,08:12:53 | INFO |   Batch 1700 / 5959: loss=0.835806 cross_entropy_loss=10.359118
2026-04-27,08:12:56 | INFO |   Batch 1800 / 5959: loss=0.881625 cross_entropy_loss=10.873146
2026-04-27,08:13:00 | INFO |   Batch 1900 / 5959: loss=0.856643 cross_entropy_loss=10.627581
2026-04-27,08:13:04 | INFO |   Batch 2000 / 5959: loss=0.828734 cross_entropy_loss=10.094503
2026-04-27,08:13:08 | INFO |   Batch 2100 / 5959: loss=0.863651 cross_entropy_loss=10.665215
2026-04-27,08:13:11 | INFO |   Batch 2200 / 5959: loss=0.862077 cross_entropy_loss=10.794228
2026-04-27,08:13:15 | INFO |   Batch 2300 / 5959: loss=0.871152 cross_entropy_loss=10.680965
2026-04-27,08:13:19 | INFO |   Batch 2400 / 5959: loss=0.868102 cross_entropy_loss=10.556137
2026-04-27,08:13:23 | INFO |   Batch 2500 / 5959: loss=0.873077 cross_entropy_loss=10.614094
2026-04-27,08:13:27 | INFO |   Batch 2600 / 5959: loss=0.854825 cross_entropy_loss=10.716687
2026-04-27,08:13:30 | INFO |   Batch 2700 / 5959: loss=0.855846 cross_entropy_loss=10.611074
2026-04-27,08:13:34 | INFO |   Batch 2800 / 5959: loss=0.830705 cross_entropy_loss=10.556176
2026-04-27,08:13:38 | INFO |   Batch 2900 / 5959: loss=0.832859 cross_entropy_loss=10.393104
2026-04-27,08:13:42 | INFO |   Batch 3000 / 5959: loss=0.854657 cross_entropy_loss=10.756201
2026-04-27,08:13:45 | INFO |   Batch 3100 / 5959: loss=0.874605 cross_entropy_loss=10.843763
2026-04-27,08:13:49 | INFO |   Batch 3200 / 5959: loss=0.853169 cross_entropy_loss=10.510833
2026-04-27,08:13:53 | INFO |   Batch 3300 / 5959: loss=0.830794 cross_entropy_loss=10.539927
2026-04-27,08:13:57 | INFO |   Batch 3400 / 5959: loss=0.843663 cross_entropy_loss=10.584459
2026-04-27,08:14:00 | INFO |   Batch 3500 / 5959: loss=0.857630 cross_entropy_loss=10.585251
2026-04-27,08:14:04 | INFO |   Batch 3600 / 5959: loss=0.823305 cross_entropy_loss=10.561169
2026-04-27,08:14:08 | INFO |   Batch 3700 / 5959: loss=0.831345 cross_entropy_loss=10.556408
2026-04-27,08:14:12 | INFO |   Batch 3800 / 5959: loss=0.869192 cross_entropy_loss=10.741138
2026-04-27,08:14:16 | INFO |   Batch 3900 / 5959: loss=0.862648 cross_entropy_loss=10.443633
2026-04-27,08:14:19 | INFO |   Batch 4000 / 5959: loss=0.827578 cross_entropy_loss=10.776149
2026-04-27,08:14:23 | INFO |   Batch 4100 / 5959: loss=0.831009 cross_entropy_loss=9.962585
2026-04-27,08:14:27 | INFO |   Batch 4200 / 5959: loss=0.841045 cross_entropy_loss=10.582035
2026-04-27,08:14:30 | INFO |   Batch 4300 / 5959: loss=0.865307 cross_entropy_loss=10.485431
2026-04-27,08:14:34 | INFO |   Batch 4400 / 5959: loss=0.860768 cross_entropy_loss=10.509706
2026-04-27,08:14:38 | INFO |   Batch 4500 / 5959: loss=0.858743 cross_entropy_loss=10.650745
2026-04-27,08:14:42 | INFO |   Batch 4600 / 5959: loss=0.853646 cross_entropy_loss=10.590067
2026-04-27,08:14:45 | INFO |   Batch 4700 / 5959: loss=0.856235 cross_entropy_loss=10.699339
2026-04-27,08:14:49 | INFO |   Batch 4800 / 5959: loss=0.835138 cross_entropy_loss=10.432505
2026-04-27,08:14:53 | INFO |   Batch 4900 / 5959: loss=0.831906 cross_entropy_loss=10.485314
2026-04-27,08:14:56 | INFO |   Batch 5000 / 5959: loss=0.838585 cross_entropy_loss=10.541613
2026-04-27,08:15:00 | INFO |   Batch 5100 / 5959: loss=0.852703 cross_entropy_loss=10.586443
2026-04-27,08:15:04 | INFO |   Batch 5200 / 5959: loss=0.841769 cross_entropy_loss=10.518530
2026-04-27,08:15:08 | INFO |   Batch 5300 / 5959: loss=0.868612 cross_entropy_loss=10.687664
2026-04-27,08:15:11 | INFO |   Batch 5400 / 5959: loss=0.853919 cross_entropy_loss=10.650490
2026-04-27,08:15:15 | INFO |   Batch 5500 / 5959: loss=0.832480 cross_entropy_loss=10.747087
2026-04-27,08:15:19 | INFO |   Batch 5600 / 5959: loss=0.836655 cross_entropy_loss=10.731496
2026-04-27,08:15:23 | INFO |   Batch 5700 / 5959: loss=0.835970 cross_entropy_loss=10.691203
2026-04-27,08:15:26 | INFO |   Batch 5800 / 5959: loss=0.841119 cross_entropy_loss=10.612249
2026-04-27,08:15:30 | INFO |   Batch 5900 / 5959: loss=0.856064 cross_entropy_loss=10.655800
2026-04-27,08:15:33 | INFO | Evaluating on validation set
2026-04-27,08:15:33 | INFO |   Batch 0 / 745: loss=10.640487
2026-04-27,08:15:34 | INFO |   Batch 100 / 745: loss=10.975713
2026-04-27,08:15:35 | INFO |   Batch 200 / 745: loss=10.534386
2026-04-27,08:15:35 | INFO |   Batch 300 / 745: loss=10.440464
2026-04-27,08:15:36 | INFO |   Batch 400 / 745: loss=10.747574
2026-04-27,08:15:37 | INFO |   Batch 500 / 745: loss=10.793709
2026-04-27,08:15:38 | INFO |   Batch 600 / 745: loss=10.457577
2026-04-27,08:15:39 | INFO |   Batch 700 / 745: loss=10.669697
2026-04-27,08:15:39 | INFO | New best model found
2026-04-27,08:15:39 | INFO | Epoch 5: cross_entropy_loss=10.588453 val_loss=10.619357 val_acc=0.193998
2026-04-27,08:15:39 | INFO |   Best val_acc=0.193998
2026-04-27,08:15:40 | INFO | Saved checkpoint for epoch 5.
2026-04-27,08:15:40 | INFO | Epoch 6/20, learning_rate=0.001707
2026-04-27,08:15:41 | INFO |   Batch 0 / 5959: loss=0.893534 cross_entropy_loss=10.696680
2026-04-27,08:15:45 | INFO |   Batch 100 / 5959: loss=0.897947 cross_entropy_loss=10.572124
2026-04-27,08:15:48 | INFO |   Batch 200 / 5959: loss=0.912547 cross_entropy_loss=10.290050
2026-04-27,08:15:52 | INFO |   Batch 300 / 5959: loss=0.882752 cross_entropy_loss=10.663244
2026-04-27,08:15:56 | INFO |   Batch 400 / 5959: loss=0.893670 cross_entropy_loss=10.621202
2026-04-27,08:15:59 | INFO |   Batch 500 / 5959: loss=0.885734 cross_entropy_loss=10.613279
2026-04-27,08:16:03 | INFO |   Batch 600 / 5959: loss=0.887701 cross_entropy_loss=10.828816
2026-04-27,08:16:07 | INFO |   Batch 700 / 5959: loss=0.881950 cross_entropy_loss=10.518326
2026-04-27,08:16:11 | INFO |   Batch 800 / 5959: loss=0.878972 cross_entropy_loss=10.587377
2026-04-27,08:16:15 | INFO |   Batch 900 / 5959: loss=0.885183 cross_entropy_loss=10.629692
2026-04-27,08:16:19 | INFO |   Batch 1000 / 5959: loss=0.879578 cross_entropy_loss=10.603426
2026-04-27,08:16:22 | INFO |   Batch 1100 / 5959: loss=0.894913 cross_entropy_loss=10.654822
2026-04-27,08:16:26 | INFO |   Batch 1200 / 5959: loss=0.874941 cross_entropy_loss=10.306547
2026-04-27,08:16:30 | INFO |   Batch 1300 / 5959: loss=0.890463 cross_entropy_loss=10.737142
2026-04-27,08:16:33 | INFO |   Batch 1400 / 5959: loss=0.890513 cross_entropy_loss=10.474968
2026-04-27,08:16:37 | INFO |   Batch 1500 / 5959: loss=0.878691 cross_entropy_loss=10.578274
2026-04-27,08:16:41 | INFO |   Batch 1600 / 5959: loss=0.878392 cross_entropy_loss=10.661280
2026-04-27,08:16:45 | INFO |   Batch 1700 / 5959: loss=0.863597 cross_entropy_loss=10.409439
2026-04-27,08:16:48 | INFO |   Batch 1800 / 5959: loss=0.868258 cross_entropy_loss=10.381087
2026-04-27,08:16:52 | INFO |   Batch 1900 / 5959: loss=0.848513 cross_entropy_loss=10.550426
2026-04-27,08:16:56 | INFO |   Batch 2000 / 5959: loss=0.866816 cross_entropy_loss=10.596510
2026-04-27,08:17:00 | INFO |   Batch 2100 / 5959: loss=0.854219 cross_entropy_loss=10.558467
2026-04-27,08:17:04 | INFO |   Batch 2200 / 5959: loss=0.850344 cross_entropy_loss=10.403170
2026-04-27,08:17:07 | INFO |   Batch 2300 / 5959: loss=0.855416 cross_entropy_loss=10.273395
2026-04-27,08:17:11 | INFO |   Batch 2400 / 5959: loss=0.860807 cross_entropy_loss=10.534362
2026-04-27,08:17:15 | INFO |   Batch 2500 / 5959: loss=0.834018 cross_entropy_loss=10.596457
2026-04-27,08:17:19 | INFO |   Batch 2600 / 5959: loss=0.866315 cross_entropy_loss=10.692060
2026-04-27,08:17:23 | INFO |   Batch 2700 / 5959: loss=0.866357 cross_entropy_loss=10.322894
2026-04-27,08:17:26 | INFO |   Batch 2800 / 5959: loss=0.882050 cross_entropy_loss=10.536829
2026-04-27,08:17:30 | INFO |   Batch 2900 / 5959: loss=0.870975 cross_entropy_loss=10.158975
2026-04-27,08:17:34 | INFO |   Batch 3000 / 5959: loss=0.845173 cross_entropy_loss=10.585377
2026-04-27,08:17:38 | INFO |   Batch 3100 / 5959: loss=0.860796 cross_entropy_loss=10.375273
2026-04-27,08:17:41 | INFO |   Batch 3200 / 5959: loss=0.870403 cross_entropy_loss=10.206892
2026-04-27,08:17:45 | INFO |   Batch 3300 / 5959: loss=0.861150 cross_entropy_loss=10.316081
2026-04-27,08:17:49 | INFO |   Batch 3400 / 5959: loss=0.868856 cross_entropy_loss=10.129466
2026-04-27,08:17:53 | INFO |   Batch 3500 / 5959: loss=0.863931 cross_entropy_loss=10.346429
2026-04-27,08:17:56 | INFO |   Batch 3600 / 5959: loss=0.873560 cross_entropy_loss=10.532796
2026-04-27,08:18:00 | INFO |   Batch 3700 / 5959: loss=0.863982 cross_entropy_loss=10.207738
2026-04-27,08:18:04 | INFO |   Batch 3800 / 5959: loss=0.871268 cross_entropy_loss=10.389132
2026-04-27,08:18:08 | INFO |   Batch 3900 / 5959: loss=0.886150 cross_entropy_loss=10.385950
2026-04-27,08:18:12 | INFO |   Batch 4000 / 5959: loss=0.822834 cross_entropy_loss=10.035450
2026-04-27,08:18:15 | INFO |   Batch 4100 / 5959: loss=0.868031 cross_entropy_loss=10.470051
2026-04-27,08:18:19 | INFO |   Batch 4200 / 5959: loss=0.878223 cross_entropy_loss=10.631702
2026-04-27,08:18:23 | INFO |   Batch 4300 / 5959: loss=0.855251 cross_entropy_loss=10.513143
2026-04-27,08:18:26 | INFO |   Batch 4400 / 5959: loss=0.853134 cross_entropy_loss=10.507724
2026-04-27,08:18:30 | INFO |   Batch 4500 / 5959: loss=0.872453 cross_entropy_loss=10.777366
2026-04-27,08:18:34 | INFO |   Batch 4600 / 5959: loss=0.859569 cross_entropy_loss=10.501863
2026-04-27,08:18:38 | INFO |   Batch 4700 / 5959: loss=0.882707 cross_entropy_loss=10.682647
2026-04-27,08:18:42 | INFO |   Batch 4800 / 5959: loss=0.879540 cross_entropy_loss=10.568522
2026-04-27,08:18:45 | INFO |   Batch 4900 / 5959: loss=0.835857 cross_entropy_loss=10.007972
2026-04-27,08:18:49 | INFO |   Batch 5000 / 5959: loss=0.847123 cross_entropy_loss=10.619086
2026-04-27,08:18:53 | INFO |   Batch 5100 / 5959: loss=0.868317 cross_entropy_loss=10.634189
2026-04-27,08:18:56 | INFO |   Batch 5200 / 5959: loss=0.844398 cross_entropy_loss=10.255355
2026-04-27,08:19:00 | INFO |   Batch 5300 / 5959: loss=0.819845 cross_entropy_loss=10.025365
2026-04-27,08:19:04 | INFO |   Batch 5400 / 5959: loss=0.826551 cross_entropy_loss=10.424431
2026-04-27,08:19:08 | INFO |   Batch 5500 / 5959: loss=0.838115 cross_entropy_loss=10.468663
2026-04-27,08:19:11 | INFO |   Batch 5600 / 5959: loss=0.833611 cross_entropy_loss=10.255363
2026-04-27,08:19:15 | INFO |   Batch 5700 / 5959: loss=0.819511 cross_entropy_loss=10.079194
2026-04-27,08:19:19 | INFO |   Batch 5800 / 5959: loss=0.857650 cross_entropy_loss=10.651882
2026-04-27,08:19:23 | INFO |   Batch 5900 / 5959: loss=0.838523 cross_entropy_loss=10.372824
2026-04-27,08:19:25 | INFO | Evaluating on validation set
2026-04-27,08:19:25 | INFO |   Batch 0 / 745: loss=10.518345
2026-04-27,08:19:26 | INFO |   Batch 100 / 745: loss=10.870428
2026-04-27,08:19:27 | INFO |   Batch 200 / 745: loss=10.405787
2026-04-27,08:19:28 | INFO |   Batch 300 / 745: loss=10.311569
2026-04-27,08:19:29 | INFO |   Batch 400 / 745: loss=10.625875
2026-04-27,08:19:29 | INFO |   Batch 500 / 745: loss=10.674759
2026-04-27,08:19:30 | INFO |   Batch 600 / 745: loss=10.325412
2026-04-27,08:19:31 | INFO |   Batch 700 / 745: loss=10.552801
2026-04-27,08:19:32 | INFO | New best model found
2026-04-27,08:19:32 | INFO | Epoch 6: cross_entropy_loss=10.430631 val_loss=10.495854 val_acc=0.215030
2026-04-27,08:19:32 | INFO |   Best val_acc=0.215030
2026-04-27,08:19:32 | INFO | Saved checkpoint for epoch 6.
2026-04-27,08:19:32 | INFO | Epoch 7/20, learning_rate=0.001588
2026-04-27,08:19:33 | INFO |   Batch 0 / 5959: loss=0.895143 cross_entropy_loss=10.586435
2026-04-27,08:19:37 | INFO |   Batch 100 / 5959: loss=0.885945 cross_entropy_loss=10.285321
2026-04-27,08:19:41 | INFO |   Batch 200 / 5959: loss=0.899069 cross_entropy_loss=10.371526
2026-04-27,08:19:44 | INFO |   Batch 300 / 5959: loss=0.878215 cross_entropy_loss=10.286807
2026-04-27,08:19:48 | INFO |   Batch 400 / 5959: loss=0.893746 cross_entropy_loss=10.760056
2026-04-27,08:19:52 | INFO |   Batch 500 / 5959: loss=0.896652 cross_entropy_loss=10.307765
2026-04-27,08:19:56 | INFO |   Batch 600 / 5959: loss=0.892852 cross_entropy_loss=10.441962
2026-04-27,08:19:59 | INFO |   Batch 700 / 5959: loss=0.899764 cross_entropy_loss=10.668882
2026-04-27,08:20:03 | INFO |   Batch 800 / 5959: loss=0.884347 cross_entropy_loss=10.485476
2026-04-27,08:20:07 | INFO |   Batch 900 / 5959: loss=0.892963 cross_entropy_loss=10.419041
2026-04-27,08:20:11 | INFO |   Batch 1000 / 5959: loss=0.894765 cross_entropy_loss=10.184391
2026-04-27,08:20:14 | INFO |   Batch 1100 / 5959: loss=0.880368 cross_entropy_loss=10.451023
2026-04-27,08:20:18 | INFO |   Batch 1200 / 5959: loss=0.895274 cross_entropy_loss=10.562849
2026-04-27,08:20:22 | INFO |   Batch 1300 / 5959: loss=0.898263 cross_entropy_loss=10.491428
2026-04-27,08:20:26 | INFO |   Batch 1400 / 5959: loss=0.900526 cross_entropy_loss=10.056817
2026-04-27,08:20:29 | INFO |   Batch 1500 / 5959: loss=0.879896 cross_entropy_loss=9.828048
2026-04-27,08:20:33 | INFO |   Batch 1600 / 5959: loss=0.877457 cross_entropy_loss=10.471255
2026-04-27,08:20:37 | INFO |   Batch 1700 / 5959: loss=0.876548 cross_entropy_loss=10.537432
2026-04-27,08:20:41 | INFO |   Batch 1800 / 5959: loss=0.875463 cross_entropy_loss=10.391699
2026-04-27,08:20:44 | INFO |   Batch 1900 / 5959: loss=0.867854 cross_entropy_loss=10.299530
2026-04-27,08:20:48 | INFO |   Batch 2000 / 5959: loss=0.878861 cross_entropy_loss=10.550197
2026-04-27,08:20:52 | INFO |   Batch 2100 / 5959: loss=0.887162 cross_entropy_loss=10.207346
2026-04-27,08:20:56 | INFO |   Batch 2200 / 5959: loss=0.889836 cross_entropy_loss=10.067182
2026-04-27,08:21:00 | INFO |   Batch 2300 / 5959: loss=0.865670 cross_entropy_loss=10.196705
2026-04-27,08:21:03 | INFO |   Batch 2400 / 5959: loss=0.889879 cross_entropy_loss=10.543829
2026-04-27,08:21:07 | INFO |   Batch 2500 / 5959: loss=0.876418 cross_entropy_loss=10.446987
2026-04-27,08:21:11 | INFO |   Batch 2600 / 5959: loss=0.896993 cross_entropy_loss=10.480812
2026-04-27,08:21:14 | INFO |   Batch 2700 / 5959: loss=0.883740 cross_entropy_loss=10.384852
2026-04-27,08:21:18 | INFO |   Batch 2800 / 5959: loss=0.882750 cross_entropy_loss=10.307463
2026-04-27,08:21:22 | INFO |   Batch 2900 / 5959: loss=0.852805 cross_entropy_loss=10.149720
2026-04-27,08:21:26 | INFO |   Batch 3000 / 5959: loss=0.866734 cross_entropy_loss=10.304024
2026-04-27,08:21:29 | INFO |   Batch 3100 / 5959: loss=0.876477 cross_entropy_loss=10.037397
2026-04-27,08:21:33 | INFO |   Batch 3200 / 5959: loss=0.885192 cross_entropy_loss=10.126996
2026-04-27,08:21:37 | INFO |   Batch 3300 / 5959: loss=0.868532 cross_entropy_loss=10.119804
2026-04-27,08:21:41 | INFO |   Batch 3400 / 5959: loss=0.873770 cross_entropy_loss=10.102152
2026-04-27,08:21:45 | INFO |   Batch 3500 / 5959: loss=0.883928 cross_entropy_loss=10.323863
2026-04-27,08:21:48 | INFO |   Batch 3600 / 5959: loss=0.871586 cross_entropy_loss=10.218463
2026-04-27,08:21:52 | INFO |   Batch 3700 / 5959: loss=0.883926 cross_entropy_loss=10.659527
2026-04-27,08:21:56 | INFO |   Batch 3800 / 5959: loss=0.875073 cross_entropy_loss=10.380627
2026-04-27,08:22:00 | INFO |   Batch 3900 / 5959: loss=0.880780 cross_entropy_loss=10.539060
2026-04-27,08:22:03 | INFO |   Batch 4000 / 5959: loss=0.884451 cross_entropy_loss=10.407520
2026-04-27,08:22:07 | INFO |   Batch 4100 / 5959: loss=0.869457 cross_entropy_loss=10.444674
2026-04-27,08:22:11 | INFO |   Batch 4200 / 5959: loss=0.876816 cross_entropy_loss=10.027909
2026-04-27,08:22:15 | INFO |   Batch 4300 / 5959: loss=0.846113 cross_entropy_loss=10.012081
2026-04-27,08:22:18 | INFO |   Batch 4400 / 5959: loss=0.876273 cross_entropy_loss=10.190696
2026-04-27,08:22:22 | INFO |   Batch 4500 / 5959: loss=0.877321 cross_entropy_loss=10.374764
2026-04-27,08:22:26 | INFO |   Batch 4600 / 5959: loss=0.864244 cross_entropy_loss=10.242814
2026-04-27,08:22:30 | INFO |   Batch 4700 / 5959: loss=0.871265 cross_entropy_loss=10.016143
2026-04-27,08:22:33 | INFO |   Batch 4800 / 5959: loss=0.877558 cross_entropy_loss=10.357676
2026-04-27,08:22:37 | INFO |   Batch 4900 / 5959: loss=0.865549 cross_entropy_loss=10.191430
2026-04-27,08:22:41 | INFO |   Batch 5000 / 5959: loss=0.833982 cross_entropy_loss=10.099984
2026-04-27,08:22:45 | INFO |   Batch 5100 / 5959: loss=0.852220 cross_entropy_loss=10.124392
2026-04-27,08:22:48 | INFO |   Batch 5200 / 5959: loss=0.847177 cross_entropy_loss=10.325512
2026-04-27,08:22:52 | INFO |   Batch 5300 / 5959: loss=0.869673 cross_entropy_loss=10.375084
2026-04-27,08:22:56 | INFO |   Batch 5400 / 5959: loss=0.846790 cross_entropy_loss=10.380198
2026-04-27,08:23:00 | INFO |   Batch 5500 / 5959: loss=0.853784 cross_entropy_loss=10.273376
2026-04-27,08:23:03 | INFO |   Batch 5600 / 5959: loss=0.859206 cross_entropy_loss=10.080888
2026-04-27,08:23:07 | INFO |   Batch 5700 / 5959: loss=0.836270 cross_entropy_loss=10.272551
2026-04-27,08:23:11 | INFO |   Batch 5800 / 5959: loss=0.837222 cross_entropy_loss=10.261085
2026-04-27,08:23:15 | INFO |   Batch 5900 / 5959: loss=0.851363 cross_entropy_loss=10.180140
2026-04-27,08:23:17 | INFO | Evaluating on validation set
2026-04-27,08:23:18 | INFO |   Batch 0 / 745: loss=10.409816
2026-04-27,08:23:18 | INFO |   Batch 100 / 745: loss=10.776964
2026-04-27,08:23:19 | INFO |   Batch 200 / 745: loss=10.292934
2026-04-27,08:23:20 | INFO |   Batch 300 / 745: loss=10.198083
2026-04-27,08:23:21 | INFO |   Batch 400 / 745: loss=10.518820
2026-04-27,08:23:22 | INFO |   Batch 500 / 745: loss=10.567316
2026-04-27,08:23:22 | INFO |   Batch 600 / 745: loss=10.207623
2026-04-27,08:23:23 | INFO |   Batch 700 / 745: loss=10.449519
2026-04-27,08:23:24 | INFO | New best model found
2026-04-27,08:23:24 | INFO | Epoch 7: cross_entropy_loss=10.289535 val_loss=10.387274 val_acc=0.231771
2026-04-27,08:23:24 | INFO |   Best val_acc=0.231771
2026-04-27,08:23:25 | INFO | Saved checkpoint for epoch 7.
2026-04-27,08:23:25 | INFO | Epoch 8/20, learning_rate=0.001454
2026-04-27,08:23:25 | INFO |   Batch 0 / 5959: loss=0.911029 cross_entropy_loss=10.114759
2026-04-27,08:23:29 | INFO |   Batch 100 / 5959: loss=0.908650 cross_entropy_loss=10.291614
2026-04-27,08:23:33 | INFO |   Batch 200 / 5959: loss=0.914240 cross_entropy_loss=10.386353
2026-04-27,08:23:37 | INFO |   Batch 300 / 5959: loss=0.912549 cross_entropy_loss=9.958558
2026-04-27,08:23:40 | INFO |   Batch 400 / 5959: loss=0.920107 cross_entropy_loss=10.153786
2026-04-27,08:23:44 | INFO |   Batch 500 / 5959: loss=0.907759 cross_entropy_loss=10.188651
2026-04-27,08:23:48 | INFO |   Batch 600 / 5959: loss=0.886117 cross_entropy_loss=10.537373
2026-04-27,08:23:52 | INFO |   Batch 700 / 5959: loss=0.897235 cross_entropy_loss=10.305747
2026-04-27,08:23:55 | INFO |   Batch 800 / 5959: loss=0.893163 cross_entropy_loss=10.141836
2026-04-27,08:23:59 | INFO |   Batch 900 / 5959: loss=0.904556 cross_entropy_loss=10.061214
2026-04-27,08:24:03 | INFO |   Batch 1000 / 5959: loss=0.898576 cross_entropy_loss=10.154651
2026-04-27,08:24:07 | INFO |   Batch 1100 / 5959: loss=0.917758 cross_entropy_loss=10.579610
2026-04-27,08:24:10 | INFO |   Batch 1200 / 5959: loss=0.901870 cross_entropy_loss=10.433810
2026-04-27,08:24:14 | INFO |   Batch 1300 / 5959: loss=0.899064 cross_entropy_loss=10.218918
2026-04-27,08:24:18 | INFO |   Batch 1400 / 5959: loss=0.901568 cross_entropy_loss=10.337416
2026-04-27,08:24:22 | INFO |   Batch 1500 / 5959: loss=0.874712 cross_entropy_loss=9.971369
2026-04-27,08:24:25 | INFO |   Batch 1600 / 5959: loss=0.882006 cross_entropy_loss=10.206211
2026-04-27,08:24:29 | INFO |   Batch 1700 / 5959: loss=0.883925 cross_entropy_loss=10.205788
2026-04-27,08:24:33 | INFO |   Batch 1800 / 5959: loss=0.881579 cross_entropy_loss=9.871790
2026-04-27,08:24:37 | INFO |   Batch 1900 / 5959: loss=0.889578 cross_entropy_loss=9.964443
2026-04-27,08:24:40 | INFO |   Batch 2000 / 5959: loss=0.872303 cross_entropy_loss=10.105157
2026-04-27,08:24:44 | INFO |   Batch 2100 / 5959: loss=0.900195 cross_entropy_loss=10.296557
2026-04-27,08:24:48 | INFO |   Batch 2200 / 5959: loss=0.878357 cross_entropy_loss=9.993997
2026-04-27,08:24:52 | INFO |   Batch 2300 / 5959: loss=0.872438 cross_entropy_loss=10.142085
2026-04-27,08:24:55 | INFO |   Batch 2400 / 5959: loss=0.885603 cross_entropy_loss=10.403902
2026-04-27,08:24:59 | INFO |   Batch 2500 / 5959: loss=0.886510 cross_entropy_loss=10.523095
2026-04-27,08:25:03 | INFO |   Batch 2600 / 5959: loss=0.878204 cross_entropy_loss=10.312054
2026-04-27,08:25:07 | INFO |   Batch 2700 / 5959: loss=0.856443 cross_entropy_loss=10.150931
2026-04-27,08:25:11 | INFO |   Batch 2800 / 5959: loss=0.899240 cross_entropy_loss=10.282184
2026-04-27,08:25:14 | INFO |   Batch 2900 / 5959: loss=0.888664 cross_entropy_loss=10.080736
2026-04-27,08:25:18 | INFO |   Batch 3000 / 5959: loss=0.890329 cross_entropy_loss=10.180952
2026-04-27,08:25:22 | INFO |   Batch 3100 / 5959: loss=0.909390 cross_entropy_loss=10.414678
2026-04-27,08:25:26 | INFO |   Batch 3200 / 5959: loss=0.904979 cross_entropy_loss=10.055231
2026-04-27,08:25:29 | INFO |   Batch 3300 / 5959: loss=0.885029 cross_entropy_loss=10.273407
2026-04-27,08:25:33 | INFO |   Batch 3400 / 5959: loss=0.895573 cross_entropy_loss=10.475578
2026-04-27,08:25:37 | INFO |   Batch 3500 / 5959: loss=0.869882 cross_entropy_loss=9.874469
2026-04-27,08:25:41 | INFO |   Batch 3600 / 5959: loss=0.890130 cross_entropy_loss=9.962827
2026-04-27,08:25:44 | INFO |   Batch 3700 / 5959: loss=0.878843 cross_entropy_loss=9.721973
2026-04-27,08:25:48 | INFO |   Batch 3800 / 5959: loss=0.868729 cross_entropy_loss=10.197911
2026-04-27,08:25:52 | INFO |   Batch 3900 / 5959: loss=0.874560 cross_entropy_loss=10.002931
2026-04-27,08:25:56 | INFO |   Batch 4000 / 5959: loss=0.870656 cross_entropy_loss=10.198180
2026-04-27,08:26:00 | INFO |   Batch 4100 / 5959: loss=0.885018 cross_entropy_loss=10.531485
2026-04-27,08:26:03 | INFO |   Batch 4200 / 5959: loss=0.874271 cross_entropy_loss=10.120324
2026-04-27,08:26:07 | INFO |   Batch 4300 / 5959: loss=0.899484 cross_entropy_loss=10.347250
2026-04-27,08:26:11 | INFO |   Batch 4400 / 5959: loss=0.911274 cross_entropy_loss=10.320393
2026-04-27,08:26:15 | INFO |   Batch 4500 / 5959: loss=0.878667 cross_entropy_loss=10.009595
2026-04-27,08:26:18 | INFO |   Batch 4600 / 5959: loss=0.870817 cross_entropy_loss=10.124434
2026-04-27,08:26:22 | INFO |   Batch 4700 / 5959: loss=0.868917 cross_entropy_loss=10.204924
2026-04-27,08:26:26 | INFO |   Batch 4800 / 5959: loss=0.870772 cross_entropy_loss=9.906696
2026-04-27,08:26:30 | INFO |   Batch 4900 / 5959: loss=0.879391 cross_entropy_loss=9.848248
2026-04-27,08:26:34 | INFO |   Batch 5000 / 5959: loss=0.864730 cross_entropy_loss=10.356011
2026-04-27,08:26:37 | INFO |   Batch 5100 / 5959: loss=0.866972 cross_entropy_loss=10.283124
2026-04-27,08:26:41 | INFO |   Batch 5200 / 5959: loss=0.877331 cross_entropy_loss=9.873487
2026-04-27,08:26:45 | INFO |   Batch 5300 / 5959: loss=0.871080 cross_entropy_loss=10.094969
2026-04-27,08:26:48 | INFO |   Batch 5400 / 5959: loss=0.917666 cross_entropy_loss=10.225400
2026-04-27,08:26:52 | INFO |   Batch 5500 / 5959: loss=0.866579 cross_entropy_loss=10.107784
2026-04-27,08:26:56 | INFO |   Batch 5600 / 5959: loss=0.888511 cross_entropy_loss=9.923331
2026-04-27,08:27:00 | INFO |   Batch 5700 / 5959: loss=0.845228 cross_entropy_loss=9.816841
2026-04-27,08:27:03 | INFO |   Batch 5800 / 5959: loss=0.888374 cross_entropy_loss=9.996431
2026-04-27,08:27:07 | INFO |   Batch 5900 / 5959: loss=0.871283 cross_entropy_loss=10.496753
2026-04-27,08:27:09 | INFO | Evaluating on validation set
2026-04-27,08:27:10 | INFO |   Batch 0 / 745: loss=10.317304
2026-04-27,08:27:11 | INFO |   Batch 100 / 745: loss=10.696033
2026-04-27,08:27:11 | INFO |   Batch 200 / 745: loss=10.195032
2026-04-27,08:27:12 | INFO |   Batch 300 / 745: loss=10.100435
2026-04-27,08:27:13 | INFO |   Batch 400 / 745: loss=10.424521
2026-04-27,08:27:14 | INFO |   Batch 500 / 745: loss=10.477308
2026-04-27,08:27:15 | INFO |   Batch 600 / 745: loss=10.105721
2026-04-27,08:27:15 | INFO |   Batch 700 / 745: loss=10.360961
2026-04-27,08:27:16 | INFO | New best model found
2026-04-27,08:27:16 | INFO | Epoch 8: cross_entropy_loss=10.163970 val_loss=10.293184 val_acc=0.243530
2026-04-27,08:27:16 | INFO |   Best val_acc=0.243530
2026-04-27,08:27:17 | INFO | Saved checkpoint for epoch 8.
2026-04-27,08:27:17 | INFO | Epoch 9/20, learning_rate=0.001309
2026-04-27,08:27:17 | INFO |   Batch 0 / 5959: loss=0.931054 cross_entropy_loss=10.244177
2026-04-27,08:27:21 | INFO |   Batch 100 / 5959: loss=0.904275 cross_entropy_loss=10.089607
2026-04-27,08:27:25 | INFO |   Batch 200 / 5959: loss=0.915517 cross_entropy_loss=10.161678
2026-04-27,08:27:29 | INFO |   Batch 300 / 5959: loss=0.935534 cross_entropy_loss=10.373272
2026-04-27,08:27:32 | INFO |   Batch 400 / 5959: loss=0.925942 cross_entropy_loss=9.847774
2026-04-27,08:27:36 | INFO |   Batch 500 / 5959: loss=0.894309 cross_entropy_loss=9.854860
2026-04-27,08:27:40 | INFO |   Batch 600 / 5959: loss=0.909985 cross_entropy_loss=10.067684
2026-04-27,08:27:44 | INFO |   Batch 700 / 5959: loss=0.915685 cross_entropy_loss=10.280733
2026-04-27,08:27:47 | INFO |   Batch 800 / 5959: loss=0.910957 cross_entropy_loss=10.115527
2026-04-27,08:27:51 | INFO |   Batch 900 / 5959: loss=0.871964 cross_entropy_loss=9.825569
2026-04-27,08:27:55 | INFO |   Batch 1000 / 5959: loss=0.919371 cross_entropy_loss=10.241043
2026-04-27,08:27:59 | INFO |   Batch 1100 / 5959: loss=0.899537 cross_entropy_loss=9.978695
2026-04-27,08:28:02 | INFO |   Batch 1200 / 5959: loss=0.920448 cross_entropy_loss=10.431045
2026-04-27,08:28:06 | INFO |   Batch 1300 / 5959: loss=0.913566 cross_entropy_loss=9.856455
2026-04-27,08:28:10 | INFO |   Batch 1400 / 5959: loss=0.905075 cross_entropy_loss=10.008182
2026-04-27,08:28:14 | INFO |   Batch 1500 / 5959: loss=0.922670 cross_entropy_loss=10.306828
2026-04-27,08:28:18 | INFO |   Batch 1600 / 5959: loss=0.923365 cross_entropy_loss=10.184220
2026-04-27,08:28:21 | INFO |   Batch 1700 / 5959: loss=0.914461 cross_entropy_loss=10.004588
2026-04-27,08:28:25 | INFO |   Batch 1800 / 5959: loss=0.910541 cross_entropy_loss=10.125430
2026-04-27,08:28:29 | INFO |   Batch 1900 / 5959: loss=0.892413 cross_entropy_loss=10.352661
2026-04-27,08:28:32 | INFO |   Batch 2000 / 5959: loss=0.896696 cross_entropy_loss=9.883948
2026-04-27,08:28:36 | INFO |   Batch 2100 / 5959: loss=0.886864 cross_entropy_loss=9.935452
2026-04-27,08:28:40 | INFO |   Batch 2200 / 5959: loss=0.888096 cross_entropy_loss=9.735920
2026-04-27,08:28:44 | INFO |   Batch 2300 / 5959: loss=0.914107 cross_entropy_loss=9.938854
2026-04-27,08:28:48 | INFO |   Batch 2400 / 5959: loss=0.919486 cross_entropy_loss=9.996808
2026-04-27,08:28:51 | INFO |   Batch 2500 / 5959: loss=0.894473 cross_entropy_loss=10.204667
2026-04-27,08:28:55 | INFO |   Batch 2600 / 5959: loss=0.895455 cross_entropy_loss=10.049318
2026-04-27,08:28:59 | INFO |   Batch 2700 / 5959: loss=0.887346 cross_entropy_loss=9.988414
2026-04-27,08:29:03 | INFO |   Batch 2800 / 5959: loss=0.914734 cross_entropy_loss=10.108447
2026-04-27,08:29:06 | INFO |   Batch 2900 / 5959: loss=0.897281 cross_entropy_loss=9.908849
2026-04-27,08:29:10 | INFO |   Batch 3000 / 5959: loss=0.898786 cross_entropy_loss=10.255688
2026-04-27,08:29:14 | INFO |   Batch 3100 / 5959: loss=0.889344 cross_entropy_loss=9.457361
2026-04-27,08:29:18 | INFO |   Batch 3200 / 5959: loss=0.909825 cross_entropy_loss=10.213046
2026-04-27,08:29:21 | INFO |   Batch 3300 / 5959: loss=0.904077 cross_entropy_loss=9.978714
2026-04-27,08:29:25 | INFO |   Batch 3400 / 5959: loss=0.907330 cross_entropy_loss=10.136541
2026-04-27,08:29:29 | INFO |   Batch 3500 / 5959: loss=0.899865 cross_entropy_loss=10.231768
2026-04-27,08:29:33 | INFO |   Batch 3600 / 5959: loss=0.895945 cross_entropy_loss=10.115374
2026-04-27,08:29:36 | INFO |   Batch 3700 / 5959: loss=0.917407 cross_entropy_loss=10.319176
2026-04-27,08:29:40 | INFO |   Batch 3800 / 5959: loss=0.883561 cross_entropy_loss=9.966226
2026-04-27,08:29:44 | INFO |   Batch 3900 / 5959: loss=0.908382 cross_entropy_loss=9.849504
2026-04-27,08:29:48 | INFO |   Batch 4000 / 5959: loss=0.879840 cross_entropy_loss=9.859464
2026-04-27,08:29:52 | INFO |   Batch 4100 / 5959: loss=0.898855 cross_entropy_loss=10.266035
2026-04-27,08:29:55 | INFO |   Batch 4200 / 5959: loss=0.889957 cross_entropy_loss=9.918030
2026-04-27,08:29:59 | INFO |   Batch 4300 / 5959: loss=0.886753 cross_entropy_loss=9.958771
2026-04-27,08:30:03 | INFO |   Batch 4400 / 5959: loss=0.902031 cross_entropy_loss=9.929415
2026-04-27,08:30:07 | INFO |   Batch 4500 / 5959: loss=0.902351 cross_entropy_loss=10.111715
2026-04-27,08:30:10 | INFO |   Batch 4600 / 5959: loss=0.869178 cross_entropy_loss=10.055603
2026-04-27,08:30:14 | INFO |   Batch 4700 / 5959: loss=0.899874 cross_entropy_loss=10.028585
2026-04-27,08:30:18 | INFO |   Batch 4800 / 5959: loss=0.889734 cross_entropy_loss=10.120853
2026-04-27,08:30:22 | INFO |   Batch 4900 / 5959: loss=0.877790 cross_entropy_loss=9.985235
2026-04-27,08:30:25 | INFO |   Batch 5000 / 5959: loss=0.882440 cross_entropy_loss=10.000253
2026-04-27,08:30:29 | INFO |   Batch 5100 / 5959: loss=0.884095 cross_entropy_loss=9.915971
2026-04-27,08:30:33 | INFO |   Batch 5200 / 5959: loss=0.880219 cross_entropy_loss=9.878721
2026-04-27,08:30:36 | INFO |   Batch 5300 / 5959: loss=0.870003 cross_entropy_loss=9.877190
2026-04-27,08:30:40 | INFO |   Batch 5400 / 5959: loss=0.874342 cross_entropy_loss=10.066584
2026-04-27,08:30:44 | INFO |   Batch 5500 / 5959: loss=0.885369 cross_entropy_loss=10.307832
2026-04-27,08:30:48 | INFO |   Batch 5600 / 5959: loss=0.882506 cross_entropy_loss=9.983187
2026-04-27,08:30:52 | INFO |   Batch 5700 / 5959: loss=0.900972 cross_entropy_loss=9.979656
2026-04-27,08:30:55 | INFO |   Batch 5800 / 5959: loss=0.906447 cross_entropy_loss=9.924412
2026-04-27,08:30:59 | INFO |   Batch 5900 / 5959: loss=0.861026 cross_entropy_loss=9.831979
2026-04-27,08:31:02 | INFO | Evaluating on validation set
2026-04-27,08:31:02 | INFO |   Batch 0 / 745: loss=10.237385
2026-04-27,08:31:03 | INFO |   Batch 100 / 745: loss=10.626411
2026-04-27,08:31:04 | INFO |   Batch 200 / 745: loss=10.109694
2026-04-27,08:31:04 | INFO |   Batch 300 / 745: loss=10.017568
2026-04-27,08:31:05 | INFO |   Batch 400 / 745: loss=10.344828
2026-04-27,08:31:06 | INFO |   Batch 500 / 745: loss=10.398142
2026-04-27,08:31:07 | INFO |   Batch 600 / 745: loss=10.017368
2026-04-27,08:31:08 | INFO |   Batch 700 / 745: loss=10.283925
2026-04-27,08:31:08 | INFO | New best model found
2026-04-27,08:31:08 | INFO | Epoch 9: cross_entropy_loss=10.054484 val_loss=10.212123 val_acc=0.251083
2026-04-27,08:31:08 | INFO |   Best val_acc=0.251083
2026-04-27,08:31:09 | INFO | Saved checkpoint for epoch 9.
2026-04-27,08:31:09 | INFO | Epoch 10/20, learning_rate=0.001156
2026-04-27,08:31:09 | INFO |   Batch 0 / 5959: loss=0.922989 cross_entropy_loss=9.797367
2026-04-27,08:31:13 | INFO |   Batch 100 / 5959: loss=0.917753 cross_entropy_loss=9.974588
2026-04-27,08:31:17 | INFO |   Batch 200 / 5959: loss=0.921848 cross_entropy_loss=9.994472
2026-04-27,08:31:21 | INFO |   Batch 300 / 5959: loss=0.918116 cross_entropy_loss=9.885484
2026-04-27,08:31:25 | INFO |   Batch 400 / 5959: loss=0.911559 cross_entropy_loss=10.159379
2026-04-27,08:31:28 | INFO |   Batch 500 / 5959: loss=0.914422 cross_entropy_loss=9.815590
2026-04-27,08:31:32 | INFO |   Batch 600 / 5959: loss=0.934626 cross_entropy_loss=10.241011
2026-04-27,08:31:36 | INFO |   Batch 700 / 5959: loss=0.936923 cross_entropy_loss=10.132415
2026-04-27,08:31:40 | INFO |   Batch 800 / 5959: loss=0.905056 cross_entropy_loss=9.520632
2026-04-27,08:31:44 | INFO |   Batch 900 / 5959: loss=0.922513 cross_entropy_loss=10.114518
2026-04-27,08:31:47 | INFO |   Batch 1000 / 5959: loss=0.928375 cross_entropy_loss=9.925741
2026-04-27,08:31:51 | INFO |   Batch 1100 / 5959: loss=0.911681 cross_entropy_loss=10.102870
2026-04-27,08:31:55 | INFO |   Batch 1200 / 5959: loss=0.912011 cross_entropy_loss=10.038392
2026-04-27,08:31:59 | INFO |   Batch 1300 / 5959: loss=0.934096 cross_entropy_loss=9.780516
2026-04-27,08:32:02 | INFO |   Batch 1400 / 5959: loss=0.923103 cross_entropy_loss=9.951817
2026-04-27,08:32:06 | INFO |   Batch 1500 / 5959: loss=0.920120 cross_entropy_loss=9.971799
2026-04-27,08:32:10 | INFO |   Batch 1600 / 5959: loss=0.929661 cross_entropy_loss=10.008250
2026-04-27,08:32:14 | INFO |   Batch 1700 / 5959: loss=0.919650 cross_entropy_loss=10.052873
2026-04-27,08:32:18 | INFO |   Batch 1800 / 5959: loss=0.905332 cross_entropy_loss=9.989476
2026-04-27,08:32:21 | INFO |   Batch 1900 / 5959: loss=0.925722 cross_entropy_loss=9.983137
2026-04-27,08:32:25 | INFO |   Batch 2000 / 5959: loss=0.904666 cross_entropy_loss=9.587735
2026-04-27,08:32:29 | INFO |   Batch 2100 / 5959: loss=0.897809 cross_entropy_loss=10.271730
2026-04-27,08:32:33 | INFO |   Batch 2200 / 5959: loss=0.917037 cross_entropy_loss=10.222276
2026-04-27,08:32:36 | INFO |   Batch 2300 / 5959: loss=0.923676 cross_entropy_loss=10.264438
2026-04-27,08:32:40 | INFO |   Batch 2400 / 5959: loss=0.926088 cross_entropy_loss=10.347914
2026-04-27,08:32:44 | INFO |   Batch 2500 / 5959: loss=0.934638 cross_entropy_loss=10.174502
2026-04-27,08:32:48 | INFO |   Batch 2600 / 5959: loss=0.904855 cross_entropy_loss=9.813267
2026-04-27,08:32:51 | INFO |   Batch 2700 / 5959: loss=0.912309 cross_entropy_loss=9.987388
2026-04-27,08:32:55 | INFO |   Batch 2800 / 5959: loss=0.902544 cross_entropy_loss=10.033058
2026-04-27,08:32:59 | INFO |   Batch 2900 / 5959: loss=0.919412 cross_entropy_loss=9.807613
2026-04-27,08:33:03 | INFO |   Batch 3000 / 5959: loss=0.898476 cross_entropy_loss=9.937480
2026-04-27,08:33:06 | INFO |   Batch 3100 / 5959: loss=0.909374 cross_entropy_loss=9.860219
2026-04-27,08:33:10 | INFO |   Batch 3200 / 5959: loss=0.924981 cross_entropy_loss=9.708019
2026-04-27,08:33:14 | INFO |   Batch 3300 / 5959: loss=0.917552 cross_entropy_loss=9.875201
2026-04-27,08:33:18 | INFO |   Batch 3400 / 5959: loss=0.901241 cross_entropy_loss=10.310389
2026-04-27,08:33:21 | INFO |   Batch 3500 / 5959: loss=0.898637 cross_entropy_loss=9.523748
2026-04-27,08:33:25 | INFO |   Batch 3600 / 5959: loss=0.917642 cross_entropy_loss=10.084002
2026-04-27,08:33:29 | INFO |   Batch 3700 / 5959: loss=0.915678 cross_entropy_loss=10.084165
2026-04-27,08:33:33 | INFO |   Batch 3800 / 5959: loss=0.890213 cross_entropy_loss=10.106906
2026-04-27,08:33:36 | INFO |   Batch 3900 / 5959: loss=0.909294 cross_entropy_loss=9.890809
2026-04-27,08:33:40 | INFO |   Batch 4000 / 5959: loss=0.909578 cross_entropy_loss=10.229982
2026-04-27,08:33:44 | INFO |   Batch 4100 / 5959: loss=0.902476 cross_entropy_loss=10.091104
2026-04-27,08:33:47 | INFO |   Batch 4200 / 5959: loss=0.905540 cross_entropy_loss=10.281489
2026-04-27,08:33:51 | INFO |   Batch 4300 / 5959: loss=0.901396 cross_entropy_loss=9.928677
2026-04-27,08:33:55 | INFO |   Batch 4400 / 5959: loss=0.894119 cross_entropy_loss=9.841646
2026-04-27,08:33:59 | INFO |   Batch 4500 / 5959: loss=0.915980 cross_entropy_loss=9.927984
2026-04-27,08:34:03 | INFO |   Batch 4600 / 5959: loss=0.889822 cross_entropy_loss=9.792416
2026-04-27,08:34:06 | INFO |   Batch 4700 / 5959: loss=0.890727 cross_entropy_loss=9.816937
2026-04-27,08:34:10 | INFO |   Batch 4800 / 5959: loss=0.891526 cross_entropy_loss=9.659546
2026-04-27,08:34:14 | INFO |   Batch 4900 / 5959: loss=0.889170 cross_entropy_loss=10.031590
2026-04-27,08:34:17 | INFO |   Batch 5000 / 5959: loss=0.906361 cross_entropy_loss=10.013347
2026-04-27,08:34:21 | INFO |   Batch 5100 / 5959: loss=0.908720 cross_entropy_loss=9.956589
2026-04-27,08:34:25 | INFO |   Batch 5200 / 5959: loss=0.907858 cross_entropy_loss=9.594011
2026-04-27,08:34:29 | INFO |   Batch 5300 / 5959: loss=0.915201 cross_entropy_loss=9.960110
2026-04-27,08:34:32 | INFO |   Batch 5400 / 5959: loss=0.883901 cross_entropy_loss=10.259453
2026-04-27,08:34:36 | INFO |   Batch 5500 / 5959: loss=0.912127 cross_entropy_loss=10.217278
2026-04-27,08:34:40 | INFO |   Batch 5600 / 5959: loss=0.903232 cross_entropy_loss=9.994411
2026-04-27,08:34:44 | INFO |   Batch 5700 / 5959: loss=0.894392 cross_entropy_loss=10.152386
2026-04-27,08:34:47 | INFO |   Batch 5800 / 5959: loss=0.900860 cross_entropy_loss=9.601764
2026-04-27,08:34:51 | INFO |   Batch 5900 / 5959: loss=0.872480 cross_entropy_loss=10.112761
2026-04-27,08:34:54 | INFO | Evaluating on validation set
2026-04-27,08:34:54 | INFO |   Batch 0 / 745: loss=10.169700
2026-04-27,08:34:55 | INFO |   Batch 100 / 745: loss=10.567203
2026-04-27,08:34:56 | INFO |   Batch 200 / 745: loss=10.038931
2026-04-27,08:34:56 | INFO |   Batch 300 / 745: loss=9.947659
2026-04-27,08:34:57 | INFO |   Batch 400 / 745: loss=10.276825
2026-04-27,08:34:58 | INFO |   Batch 500 / 745: loss=10.331363
2026-04-27,08:34:59 | INFO |   Batch 600 / 745: loss=9.941278
2026-04-27,08:35:00 | INFO |   Batch 700 / 745: loss=10.218965
2026-04-27,08:35:00 | INFO | New best model found
2026-04-27,08:35:00 | INFO | Epoch 10: cross_entropy_loss=9.959540 val_loss=10.143322 val_acc=0.256391
2026-04-27,08:35:00 | INFO |   Best val_acc=0.256391
2026-04-27,08:35:01 | INFO | Saved checkpoint for epoch 10.
2026-04-27,08:35:01 | INFO | Epoch 11/20, learning_rate=0.001000
2026-04-27,08:35:01 | INFO |   Batch 0 / 5959: loss=0.942013 cross_entropy_loss=10.198680
2026-04-27,08:35:05 | INFO |   Batch 100 / 5959: loss=0.936218 cross_entropy_loss=9.768703
2026-04-27,08:35:09 | INFO |   Batch 200 / 5959: loss=0.939446 cross_entropy_loss=10.052587
2026-04-27,08:35:13 | INFO |   Batch 300 / 5959: loss=0.919899 cross_entropy_loss=9.845835
2026-04-27,08:35:17 | INFO |   Batch 400 / 5959: loss=0.930900 cross_entropy_loss=10.105983
2026-04-27,08:35:20 | INFO |   Batch 500 / 5959: loss=0.948001 cross_entropy_loss=9.832808
2026-04-27,08:35:24 | INFO |   Batch 600 / 5959: loss=0.906685 cross_entropy_loss=9.877213
2026-04-27,08:35:28 | INFO |   Batch 700 / 5959: loss=0.958734 cross_entropy_loss=9.824190
2026-04-27,08:35:32 | INFO |   Batch 800 / 5959: loss=0.916006 cross_entropy_loss=9.775420
2026-04-27,08:35:36 | INFO |   Batch 900 / 5959: loss=0.921750 cross_entropy_loss=9.863106
2026-04-27,08:35:39 | INFO |   Batch 1000 / 5959: loss=0.936527 cross_entropy_loss=10.036493
2026-04-27,08:35:43 | INFO |   Batch 1100 / 5959: loss=0.919262 cross_entropy_loss=9.833878
2026-04-27,08:35:47 | INFO |   Batch 1200 / 5959: loss=0.935584 cross_entropy_loss=10.302773
2026-04-27,08:35:50 | INFO |   Batch 1300 / 5959: loss=0.928950 cross_entropy_loss=10.008484
2026-04-27,08:35:54 | INFO |   Batch 1400 / 5959: loss=0.940891 cross_entropy_loss=9.556620
2026-04-27,08:35:58 | INFO |   Batch 1500 / 5959: loss=0.925218 cross_entropy_loss=9.716828
2026-04-27,08:36:02 | INFO |   Batch 1600 / 5959: loss=0.906894 cross_entropy_loss=10.073114
2026-04-27,08:36:06 | INFO |   Batch 1700 / 5959: loss=0.928384 cross_entropy_loss=9.891402
2026-04-27,08:36:09 | INFO |   Batch 1800 / 5959: loss=0.925463 cross_entropy_loss=9.778716
2026-04-27,08:36:13 | INFO |   Batch 1900 / 5959: loss=0.890367 cross_entropy_loss=9.730107
2026-04-27,08:36:17 | INFO |   Batch 2000 / 5959: loss=0.926890 cross_entropy_loss=9.959914
2026-04-27,08:36:21 | INFO |   Batch 2100 / 5959: loss=0.935169 cross_entropy_loss=9.690111
2026-04-27,08:36:24 | INFO |   Batch 2200 / 5959: loss=0.893683 cross_entropy_loss=9.879969
2026-04-27,08:36:28 | INFO |   Batch 2300 / 5959: loss=0.935495 cross_entropy_loss=10.228970
2026-04-27,08:36:32 | INFO |   Batch 2400 / 5959: loss=0.926008 cross_entropy_loss=9.799623
2026-04-27,08:36:36 | INFO |   Batch 2500 / 5959: loss=0.916227 cross_entropy_loss=9.576452
2026-04-27,08:36:39 | INFO |   Batch 2600 / 5959: loss=0.915494 cross_entropy_loss=10.005165
2026-04-27,08:36:43 | INFO |   Batch 2700 / 5959: loss=0.921697 cross_entropy_loss=9.939885
2026-04-27,08:36:47 | INFO |   Batch 2800 / 5959: loss=0.951471 cross_entropy_loss=10.014441
2026-04-27,08:36:51 | INFO |   Batch 2900 / 5959: loss=0.931744 cross_entropy_loss=9.931482
2026-04-27,08:36:55 | INFO |   Batch 3000 / 5959: loss=0.919282 cross_entropy_loss=9.506196
2026-04-27,08:36:58 | INFO |   Batch 3100 / 5959: loss=0.912071 cross_entropy_loss=9.835166
2026-04-27,08:37:02 | INFO |   Batch 3200 / 5959: loss=0.918950 cross_entropy_loss=10.069614
2026-04-27,08:37:06 | INFO |   Batch 3300 / 5959: loss=0.945857 cross_entropy_loss=9.763007
2026-04-27,08:37:10 | INFO |   Batch 3400 / 5959: loss=0.931661 cross_entropy_loss=9.914959
2026-04-27,08:37:13 | INFO |   Batch 3500 / 5959: loss=0.902964 cross_entropy_loss=10.070653
2026-04-27,08:37:17 | INFO |   Batch 3600 / 5959: loss=0.941539 cross_entropy_loss=10.004917
2026-04-27,08:37:21 | INFO |   Batch 3700 / 5959: loss=0.927429 cross_entropy_loss=9.858428
2026-04-27,08:37:25 | INFO |   Batch 3800 / 5959: loss=0.921267 cross_entropy_loss=9.733848
2026-04-27,08:37:28 | INFO |   Batch 3900 / 5959: loss=0.942118 cross_entropy_loss=9.687618
2026-04-27,08:37:32 | INFO |   Batch 4000 / 5959: loss=0.925822 cross_entropy_loss=9.616569
2026-04-27,08:37:36 | INFO |   Batch 4100 / 5959: loss=0.919688 cross_entropy_loss=9.688830
2026-04-27,08:37:40 | INFO |   Batch 4200 / 5959: loss=0.896105 cross_entropy_loss=9.746480
2026-04-27,08:37:44 | INFO |   Batch 4300 / 5959: loss=0.937897 cross_entropy_loss=10.122087
2026-04-27,08:37:47 | INFO |   Batch 4400 / 5959: loss=0.907547 cross_entropy_loss=9.541688
2026-04-27,08:37:51 | INFO |   Batch 4500 / 5959: loss=0.906876 cross_entropy_loss=9.703112
2026-04-27,08:37:55 | INFO |   Batch 4600 / 5959: loss=0.924812 cross_entropy_loss=10.122950
2026-04-27,08:37:58 | INFO |   Batch 4700 / 5959: loss=0.937345 cross_entropy_loss=10.119658
2026-04-27,08:38:02 | INFO |   Batch 4800 / 5959: loss=0.943188 cross_entropy_loss=9.721425
2026-04-27,08:38:06 | INFO |   Batch 4900 / 5959: loss=0.910379 cross_entropy_loss=9.594822
2026-04-27,08:38:10 | INFO |   Batch 5000 / 5959: loss=0.923265 cross_entropy_loss=9.843348
2026-04-27,08:38:14 | INFO |   Batch 5100 / 5959: loss=0.918487 cross_entropy_loss=10.065615
2026-04-27,08:38:17 | INFO |   Batch 5200 / 5959: loss=0.911591 cross_entropy_loss=9.789404
2026-04-27,08:38:21 | INFO |   Batch 5300 / 5959: loss=0.894798 cross_entropy_loss=9.807865
2026-04-27,08:38:25 | INFO |   Batch 5400 / 5959: loss=0.918250 cross_entropy_loss=10.053099
2026-04-27,08:38:29 | INFO |   Batch 5500 / 5959: loss=0.894455 cross_entropy_loss=9.651916
2026-04-27,08:38:32 | INFO |   Batch 5600 / 5959: loss=0.916942 cross_entropy_loss=10.269825
2026-04-27,08:38:36 | INFO |   Batch 5700 / 5959: loss=0.918019 cross_entropy_loss=9.771994
2026-04-27,08:38:40 | INFO |   Batch 5800 / 5959: loss=0.911414 cross_entropy_loss=9.413027
2026-04-27,08:38:44 | INFO |   Batch 5900 / 5959: loss=0.926565 cross_entropy_loss=9.964766
2026-04-27,08:38:46 | INFO | Evaluating on validation set
2026-04-27,08:38:46 | INFO |   Batch 0 / 745: loss=10.112302
2026-04-27,08:38:47 | INFO |   Batch 100 / 745: loss=10.518191
2026-04-27,08:38:48 | INFO |   Batch 200 / 745: loss=9.979785
2026-04-27,08:38:49 | INFO |   Batch 300 / 745: loss=9.888529
2026-04-27,08:38:50 | INFO |   Batch 400 / 745: loss=10.219711
2026-04-27,08:38:50 | INFO |   Batch 500 / 745: loss=10.274831
2026-04-27,08:38:51 | INFO |   Batch 600 / 745: loss=9.878477
2026-04-27,08:38:52 | INFO |   Batch 700 / 745: loss=10.164106
2026-04-27,08:38:52 | INFO | New best model found
2026-04-27,08:38:52 | INFO | Epoch 11: cross_entropy_loss=9.878657 val_loss=10.085930 val_acc=0.260503
2026-04-27,08:38:52 | INFO |   Best val_acc=0.260503
2026-04-27,08:38:53 | INFO | Saved checkpoint for epoch 11.
2026-04-27,08:38:53 | INFO | Epoch 12/20, learning_rate=0.000844
2026-04-27,08:38:54 | INFO |   Batch 0 / 5959: loss=0.948914 cross_entropy_loss=9.735250
2026-04-27,08:38:58 | INFO |   Batch 100 / 5959: loss=0.942374 cross_entropy_loss=9.882856
2026-04-27,08:39:01 | INFO |   Batch 200 / 5959: loss=0.956382 cross_entropy_loss=10.064691
2026-04-27,08:39:05 | INFO |   Batch 300 / 5959: loss=0.922438 cross_entropy_loss=10.068744
2026-04-27,08:39:09 | INFO |   Batch 400 / 5959: loss=0.929440 cross_entropy_loss=9.871622
2026-04-27,08:39:12 | INFO |   Batch 500 / 5959: loss=0.944938 cross_entropy_loss=9.996829
2026-04-27,08:39:16 | INFO |   Batch 600 / 5959: loss=0.946258 cross_entropy_loss=9.639036
2026-04-27,08:39:20 | INFO |   Batch 700 / 5959: loss=0.942641 cross_entropy_loss=10.042968
2026-04-27,08:39:24 | INFO |   Batch 800 / 5959: loss=0.916342 cross_entropy_loss=9.893641
2026-04-27,08:39:27 | INFO |   Batch 900 / 5959: loss=0.932897 cross_entropy_loss=9.630850
2026-04-27,08:39:31 | INFO |   Batch 1000 / 5959: loss=0.953604 cross_entropy_loss=10.156435
2026-04-27,08:39:35 | INFO |   Batch 1100 / 5959: loss=0.913830 cross_entropy_loss=10.097278
2026-04-27,08:39:39 | INFO |   Batch 1200 / 5959: loss=0.945517 cross_entropy_loss=9.997168
2026-04-27,08:39:42 | INFO |   Batch 1300 / 5959: loss=0.955485 cross_entropy_loss=9.817271
2026-04-27,08:39:46 | INFO |   Batch 1400 / 5959: loss=0.935171 cross_entropy_loss=9.690419
2026-04-27,08:39:50 | INFO |   Batch 1500 / 5959: loss=0.927227 cross_entropy_loss=9.865920
2026-04-27,08:39:54 | INFO |   Batch 1600 / 5959: loss=0.960558 cross_entropy_loss=10.001108
2026-04-27,08:39:57 | INFO |   Batch 1700 / 5959: loss=0.926562 cross_entropy_loss=9.757021
2026-04-27,08:40:01 | INFO |   Batch 1800 / 5959: loss=0.933233 cross_entropy_loss=9.889785
2026-04-27,08:40:05 | INFO |   Batch 1900 / 5959: loss=0.957757 cross_entropy_loss=9.977508
2026-04-27,08:40:09 | INFO |   Batch 2000 / 5959: loss=0.920868 cross_entropy_loss=9.766608
2026-04-27,08:40:13 | INFO |   Batch 2100 / 5959: loss=0.945237 cross_entropy_loss=9.764022
2026-04-27,08:40:16 | INFO |   Batch 2200 / 5959: loss=0.956522 cross_entropy_loss=9.942100
2026-04-27,08:40:20 | INFO |   Batch 2300 / 5959: loss=0.937479 cross_entropy_loss=9.879866
2026-04-27,08:40:24 | INFO |   Batch 2400 / 5959: loss=0.932741 cross_entropy_loss=9.630603
2026-04-27,08:40:27 | INFO |   Batch 2500 / 5959: loss=0.932512 cross_entropy_loss=9.626276
2026-04-27,08:40:31 | INFO |   Batch 2600 / 5959: loss=0.934696 cross_entropy_loss=9.629207
2026-04-27,08:40:35 | INFO |   Batch 2700 / 5959: loss=0.932585 cross_entropy_loss=9.859618
2026-04-27,08:40:39 | INFO |   Batch 2800 / 5959: loss=0.934693 cross_entropy_loss=9.873914
2026-04-27,08:40:43 | INFO |   Batch 2900 / 5959: loss=0.938035 cross_entropy_loss=9.825303
2026-04-27,08:40:46 | INFO |   Batch 3000 / 5959: loss=0.963739 cross_entropy_loss=9.795109
2026-04-27,08:40:50 | INFO |   Batch 3100 / 5959: loss=0.946314 cross_entropy_loss=9.841742
2026-04-27,08:40:54 | INFO |   Batch 3200 / 5959: loss=0.955421 cross_entropy_loss=10.188971
2026-04-27,08:40:58 | INFO |   Batch 3300 / 5959: loss=0.912534 cross_entropy_loss=9.707952
2026-04-27,08:41:01 | INFO |   Batch 3400 / 5959: loss=0.941421 cross_entropy_loss=10.056546
2026-04-27,08:41:05 | INFO |   Batch 3500 / 5959: loss=0.945053 cross_entropy_loss=9.853691
2026-04-27,08:41:09 | INFO |   Batch 3600 / 5959: loss=0.917817 cross_entropy_loss=9.829861
2026-04-27,08:41:13 | INFO |   Batch 3700 / 5959: loss=0.933075 cross_entropy_loss=9.891699
2026-04-27,08:41:16 | INFO |   Batch 3800 / 5959: loss=0.923796 cross_entropy_loss=10.000218
2026-04-27,08:41:20 | INFO |   Batch 3900 / 5959: loss=0.927075 cross_entropy_loss=9.635779
2026-04-27,08:41:24 | INFO |   Batch 4000 / 5959: loss=0.912596 cross_entropy_loss=9.500522
2026-04-27,08:41:28 | INFO |   Batch 4100 / 5959: loss=0.923698 cross_entropy_loss=10.060804
2026-04-27,08:41:31 | INFO |   Batch 4200 / 5959: loss=0.898736 cross_entropy_loss=9.643282
2026-04-27,08:41:35 | INFO |   Batch 4300 / 5959: loss=0.946572 cross_entropy_loss=9.878567
2026-04-27,08:41:39 | INFO |   Batch 4400 / 5959: loss=0.951055 cross_entropy_loss=9.950486
2026-04-27,08:41:42 | INFO |   Batch 4500 / 5959: loss=0.931907 cross_entropy_loss=9.552279
2026-04-27,08:41:46 | INFO |   Batch 4600 / 5959: loss=0.919888 cross_entropy_loss=9.942822
2026-04-27,08:41:50 | INFO |   Batch 4700 / 5959: loss=0.916271 cross_entropy_loss=9.938685
2026-04-27,08:41:54 | INFO |   Batch 4800 / 5959: loss=0.926375 cross_entropy_loss=9.970763
2026-04-27,08:41:58 | INFO |   Batch 4900 / 5959: loss=0.929784 cross_entropy_loss=9.851192
2026-04-27,08:42:01 | INFO |   Batch 5000 / 5959: loss=0.946568 cross_entropy_loss=10.144008
2026-04-27,08:42:05 | INFO |   Batch 5100 / 5959: loss=0.955406 cross_entropy_loss=9.980369
2026-04-27,08:42:09 | INFO |   Batch 5200 / 5959: loss=0.939053 cross_entropy_loss=9.699286
2026-04-27,08:42:13 | INFO |   Batch 5300 / 5959: loss=0.926737 cross_entropy_loss=9.915612
2026-04-27,08:42:16 | INFO |   Batch 5400 / 5959: loss=0.913640 cross_entropy_loss=9.897878
2026-04-27,08:42:20 | INFO |   Batch 5500 / 5959: loss=0.937681 cross_entropy_loss=9.706846
2026-04-27,08:42:24 | INFO |   Batch 5600 / 5959: loss=0.938407 cross_entropy_loss=9.756858
2026-04-27,08:42:28 | INFO |   Batch 5700 / 5959: loss=0.931210 cross_entropy_loss=9.803574
2026-04-27,08:42:32 | INFO |   Batch 5800 / 5959: loss=0.913483 cross_entropy_loss=9.597341
2026-04-27,08:42:35 | INFO |   Batch 5900 / 5959: loss=0.934991 cross_entropy_loss=9.851974
2026-04-27,08:42:38 | INFO | Evaluating on validation set
2026-04-27,08:42:38 | INFO |   Batch 0 / 745: loss=10.066184
2026-04-27,08:42:39 | INFO |   Batch 100 / 745: loss=10.477307
2026-04-27,08:42:40 | INFO |   Batch 200 / 745: loss=9.931907
2026-04-27,08:42:41 | INFO |   Batch 300 / 745: loss=9.840727
2026-04-27,08:42:41 | INFO |   Batch 400 / 745: loss=10.172677
2026-04-27,08:42:42 | INFO |   Batch 500 / 745: loss=10.227980
2026-04-27,08:42:43 | INFO |   Batch 600 / 745: loss=9.827370
2026-04-27,08:42:44 | INFO |   Batch 700 / 745: loss=10.120109
2026-04-27,08:42:44 | INFO | New best model found
2026-04-27,08:42:44 | INFO | Epoch 12: cross_entropy_loss=9.810739 val_loss=10.039008 val_acc=0.263073
2026-04-27,08:42:44 | INFO |   Best val_acc=0.263073
2026-04-27,08:42:45 | INFO | Saved checkpoint for epoch 12.
2026-04-27,08:42:45 | INFO | Epoch 13/20, learning_rate=0.000691
2026-04-27,08:42:46 | INFO |   Batch 0 / 5959: loss=0.974514 cross_entropy_loss=9.593801
2026-04-27,08:42:49 | INFO |   Batch 100 / 5959: loss=0.939118 cross_entropy_loss=9.823055
2026-04-27,08:42:53 | INFO |   Batch 200 / 5959: loss=0.949936 cross_entropy_loss=9.904858
2026-04-27,08:42:57 | INFO |   Batch 300 / 5959: loss=0.954541 cross_entropy_loss=9.652661
2026-04-27,08:43:00 | INFO |   Batch 400 / 5959: loss=0.951600 cross_entropy_loss=9.848688
2026-04-27,08:43:04 | INFO |   Batch 500 / 5959: loss=0.936984 cross_entropy_loss=10.014338
2026-04-27,08:43:08 | INFO |   Batch 600 / 5959: loss=0.944206 cross_entropy_loss=10.144388
2026-04-27,08:43:12 | INFO |   Batch 700 / 5959: loss=0.955610 cross_entropy_loss=9.696386
2026-04-27,08:43:15 | INFO |   Batch 800 / 5959: loss=0.927355 cross_entropy_loss=9.634113
2026-04-27,08:43:19 | INFO |   Batch 900 / 5959: loss=0.952003 cross_entropy_loss=9.812126
2026-04-27,08:43:23 | INFO |   Batch 1000 / 5959: loss=0.914291 cross_entropy_loss=9.866210
2026-04-27,08:43:27 | INFO |   Batch 1100 / 5959: loss=0.971637 cross_entropy_loss=9.738446
2026-04-27,08:43:31 | INFO |   Batch 1200 / 5959: loss=0.965037 cross_entropy_loss=9.603688
2026-04-27,08:43:34 | INFO |   Batch 1300 / 5959: loss=0.953070 cross_entropy_loss=9.774069
2026-04-27,08:43:38 | INFO |   Batch 1400 / 5959: loss=0.966244 cross_entropy_loss=9.888662
2026-04-27,08:43:42 | INFO |   Batch 1500 / 5959: loss=0.932353 cross_entropy_loss=9.885493
2026-04-27,08:43:46 | INFO |   Batch 1600 / 5959: loss=0.946949 cross_entropy_loss=9.784655
2026-04-27,08:43:49 | INFO |   Batch 1700 / 5959: loss=0.955883 cross_entropy_loss=9.701163
2026-04-27,08:43:53 | INFO |   Batch 1800 / 5959: loss=0.953543 cross_entropy_loss=10.288001
2026-04-27,08:43:57 | INFO |   Batch 1900 / 5959: loss=0.933717 cross_entropy_loss=9.850235
2026-04-27,08:44:01 | INFO |   Batch 2000 / 5959: loss=0.958511 cross_entropy_loss=10.179973
2026-04-27,08:44:05 | INFO |   Batch 2100 / 5959: loss=0.944540 cross_entropy_loss=9.710567
2026-04-27,08:44:08 | INFO |   Batch 2200 / 5959: loss=0.972961 cross_entropy_loss=9.708779
2026-04-27,08:44:12 | INFO |   Batch 2300 / 5959: loss=0.940825 cross_entropy_loss=9.634520
2026-04-27,08:44:16 | INFO |   Batch 2400 / 5959: loss=0.926461 cross_entropy_loss=9.912542
2026-04-27,08:44:20 | INFO |   Batch 2500 / 5959: loss=0.961616 cross_entropy_loss=9.612123
2026-04-27,08:44:23 | INFO |   Batch 2600 / 5959: loss=0.923515 cross_entropy_loss=9.974709
2026-04-27,08:44:27 | INFO |   Batch 2700 / 5959: loss=0.941739 cross_entropy_loss=9.751270
2026-04-27,08:44:31 | INFO |   Batch 2800 / 5959: loss=0.966025 cross_entropy_loss=9.966016
2026-04-27,08:44:35 | INFO |   Batch 2900 / 5959: loss=0.926907 cross_entropy_loss=9.709932
2026-04-27,08:44:39 | INFO |   Batch 3000 / 5959: loss=0.938385 cross_entropy_loss=9.780873
2026-04-27,08:44:42 | INFO |   Batch 3100 / 5959: loss=0.963039 cross_entropy_loss=9.661050
2026-04-27,08:44:46 | INFO |   Batch 3200 / 5959: loss=0.932439 cross_entropy_loss=9.736314
2026-04-27,08:44:50 | INFO |   Batch 3300 / 5959: loss=0.928702 cross_entropy_loss=9.633224
2026-04-27,08:44:54 | INFO |   Batch 3400 / 5959: loss=0.930128 cross_entropy_loss=10.044053
2026-04-27,08:44:58 | INFO |   Batch 3500 / 5959: loss=0.954039 cross_entropy_loss=9.991519
2026-04-27,08:45:01 | INFO |   Batch 3600 / 5959: loss=0.917447 cross_entropy_loss=9.904846
2026-04-27,08:45:05 | INFO |   Batch 3700 / 5959: loss=0.933822 cross_entropy_loss=9.904222
2026-04-27,08:45:09 | INFO |   Batch 3800 / 5959: loss=0.922434 cross_entropy_loss=9.384534
2026-04-27,08:45:12 | INFO |   Batch 3900 / 5959: loss=0.938186 cross_entropy_loss=9.425521
2026-04-27,08:45:16 | INFO |   Batch 4000 / 5959: loss=0.948738 cross_entropy_loss=9.862019
2026-04-27,08:45:20 | INFO |   Batch 4100 / 5959: loss=0.951168 cross_entropy_loss=9.832363
2026-04-27,08:45:24 | INFO |   Batch 4200 / 5959: loss=0.953674 cross_entropy_loss=9.801043
2026-04-27,08:45:28 | INFO |   Batch 4300 / 5959: loss=0.922837 cross_entropy_loss=9.477765
2026-04-27,08:45:31 | INFO |   Batch 4400 / 5959: loss=0.928415 cross_entropy_loss=9.852999
2026-04-27,08:45:35 | INFO |   Batch 4500 / 5959: loss=0.928117 cross_entropy_loss=9.675912
2026-04-27,08:45:39 | INFO |   Batch 4600 / 5959: loss=0.951190 cross_entropy_loss=9.385917
2026-04-27,08:45:42 | INFO |   Batch 4700 / 5959: loss=0.913340 cross_entropy_loss=9.670491
2026-04-27,08:45:46 | INFO |   Batch 4800 / 5959: loss=0.966236 cross_entropy_loss=9.604103
2026-04-27,08:45:50 | INFO |   Batch 4900 / 5959: loss=0.943259 cross_entropy_loss=9.512602
2026-04-27,08:45:54 | INFO |   Batch 5000 / 5959: loss=0.962001 cross_entropy_loss=10.077590
2026-04-27,08:45:58 | INFO |   Batch 5100 / 5959: loss=0.945717 cross_entropy_loss=9.509466
2026-04-27,08:46:01 | INFO |   Batch 5200 / 5959: loss=0.933882 cross_entropy_loss=9.121361
2026-04-27,08:46:05 | INFO |   Batch 5300 / 5959: loss=0.925957 cross_entropy_loss=9.441278
2026-04-27,08:46:09 | INFO |   Batch 5400 / 5959: loss=0.949720 cross_entropy_loss=9.536830
2026-04-27,08:46:13 | INFO |   Batch 5500 / 5959: loss=0.922522 cross_entropy_loss=9.852001
2026-04-27,08:46:17 | INFO |   Batch 5600 / 5959: loss=0.952031 cross_entropy_loss=9.723326
2026-04-27,08:46:20 | INFO |   Batch 5700 / 5959: loss=0.946475 cross_entropy_loss=9.761477
2026-04-27,08:46:24 | INFO |   Batch 5800 / 5959: loss=0.927148 cross_entropy_loss=9.772336
2026-04-27,08:46:28 | INFO |   Batch 5900 / 5959: loss=0.925505 cross_entropy_loss=9.797974
2026-04-27,08:46:30 | INFO | Evaluating on validation set
2026-04-27,08:46:31 | INFO |   Batch 0 / 745: loss=10.029284
2026-04-27,08:46:31 | INFO |   Batch 100 / 745: loss=10.444980
2026-04-27,08:46:32 | INFO |   Batch 200 / 745: loss=9.892838
2026-04-27,08:46:33 | INFO |   Batch 300 / 745: loss=9.802475
2026-04-27,08:46:34 | INFO |   Batch 400 / 745: loss=10.135212
2026-04-27,08:46:35 | INFO |   Batch 500 / 745: loss=10.190688
2026-04-27,08:46:35 | INFO |   Batch 600 / 745: loss=9.786232
2026-04-27,08:46:36 | INFO |   Batch 700 / 745: loss=10.084895
2026-04-27,08:46:37 | INFO | New best model found
2026-04-27,08:46:37 | INFO | Epoch 13: cross_entropy_loss=9.755134 val_loss=10.001458 val_acc=0.265244
2026-04-27,08:46:37 | INFO |   Best val_acc=0.265244
2026-04-27,08:46:38 | INFO | Saved checkpoint for epoch 13.
2026-04-27,08:46:38 | INFO | Epoch 14/20, learning_rate=0.000546
2026-04-27,08:46:38 | INFO |   Batch 0 / 5959: loss=0.971898 cross_entropy_loss=9.401649
2026-04-27,08:46:42 | INFO |   Batch 100 / 5959: loss=0.954611 cross_entropy_loss=9.364450
2026-04-27,08:46:46 | INFO |   Batch 200 / 5959: loss=0.963516 cross_entropy_loss=9.714287
2026-04-27,08:46:50 | INFO |   Batch 300 / 5959: loss=0.958698 cross_entropy_loss=9.667611
2026-04-27,08:46:53 | INFO |   Batch 400 / 5959: loss=0.955410 cross_entropy_loss=9.895004
2026-04-27,08:46:57 | INFO |   Batch 500 / 5959: loss=0.949828 cross_entropy_loss=9.238857
2026-04-27,08:47:01 | INFO |   Batch 600 / 5959: loss=0.961776 cross_entropy_loss=10.148062
2026-04-27,08:47:04 | INFO |   Batch 700 / 5959: loss=0.929578 cross_entropy_loss=9.537798
2026-04-27,08:47:08 | INFO |   Batch 800 / 5959: loss=0.964855 cross_entropy_loss=9.521433
2026-04-27,08:47:12 | INFO |   Batch 900 / 5959: loss=0.961613 cross_entropy_loss=9.874378
2026-04-27,08:47:16 | INFO |   Batch 1000 / 5959: loss=0.941580 cross_entropy_loss=9.592348
2026-04-27,08:47:19 | INFO |   Batch 1100 / 5959: loss=0.924597 cross_entropy_loss=9.938931
2026-04-27,08:47:23 | INFO |   Batch 1200 / 5959: loss=0.956288 cross_entropy_loss=9.891621
2026-04-27,08:47:27 | INFO |   Batch 1300 / 5959: loss=0.970645 cross_entropy_loss=9.789743
2026-04-27,08:47:31 | INFO |   Batch 1400 / 5959: loss=0.952533 cross_entropy_loss=9.581950
2026-04-27,08:47:34 | INFO |   Batch 1500 / 5959: loss=0.958478 cross_entropy_loss=9.839457
2026-04-27,08:47:38 | INFO |   Batch 1600 / 5959: loss=0.952414 cross_entropy_loss=9.644742
2026-04-27,08:47:42 | INFO |   Batch 1700 / 5959: loss=0.952646 cross_entropy_loss=9.997381
2026-04-27,08:47:46 | INFO |   Batch 1800 / 5959: loss=0.960721 cross_entropy_loss=9.978547
2026-04-27,08:47:49 | INFO |   Batch 1900 / 5959: loss=0.963217 cross_entropy_loss=9.906630
2026-04-27,08:47:53 | INFO |   Batch 2000 / 5959: loss=0.955856 cross_entropy_loss=9.632237
2026-04-27,08:47:57 | INFO |   Batch 2100 / 5959: loss=0.965552 cross_entropy_loss=9.720488
2026-04-27,08:48:01 | INFO |   Batch 2200 / 5959: loss=0.934096 cross_entropy_loss=9.282764
2026-04-27,08:48:04 | INFO |   Batch 2300 / 5959: loss=0.956938 cross_entropy_loss=9.612296
2026-04-27,08:48:08 | INFO |   Batch 2400 / 5959: loss=0.940006 cross_entropy_loss=9.601008
2026-04-27,08:48:12 | INFO |   Batch 2500 / 5959: loss=0.970292 cross_entropy_loss=9.693039
2026-04-27,08:48:16 | INFO |   Batch 2600 / 5959: loss=0.948061 cross_entropy_loss=9.454906
2026-04-27,08:48:19 | INFO |   Batch 2700 / 5959: loss=0.936924 cross_entropy_loss=9.565589
2026-04-27,08:48:23 | INFO |   Batch 2800 / 5959: loss=0.933623 cross_entropy_loss=9.728881
2026-04-27,08:48:27 | INFO |   Batch 2900 / 5959: loss=0.943540 cross_entropy_loss=9.598336
2026-04-27,08:48:30 | INFO |   Batch 3000 / 5959: loss=0.954027 cross_entropy_loss=9.807230
2026-04-27,08:48:34 | INFO |   Batch 3100 / 5959: loss=0.952117 cross_entropy_loss=9.941558
2026-04-27,08:48:38 | INFO |   Batch 3200 / 5959: loss=0.975369 cross_entropy_loss=9.860026
2026-04-27,08:48:42 | INFO |   Batch 3300 / 5959: loss=0.979775 cross_entropy_loss=9.697262
2026-04-27,08:48:45 | INFO |   Batch 3400 / 5959: loss=0.943033 cross_entropy_loss=9.656541
2026-04-27,08:48:49 | INFO |   Batch 3500 / 5959: loss=0.955297 cross_entropy_loss=9.514558
2026-04-27,08:48:53 | INFO |   Batch 3600 / 5959: loss=0.964808 cross_entropy_loss=9.540737
2026-04-27,08:48:56 | INFO |   Batch 3700 / 5959: loss=0.959576 cross_entropy_loss=9.850178
2026-04-27,08:49:00 | INFO |   Batch 3800 / 5959: loss=0.936736 cross_entropy_loss=9.544086
2026-04-27,08:49:04 | INFO |   Batch 3900 / 5959: loss=0.953542 cross_entropy_loss=9.791319
2026-04-27,08:49:08 | INFO |   Batch 4000 / 5959: loss=0.970542 cross_entropy_loss=9.691550
2026-04-27,08:49:11 | INFO |   Batch 4100 / 5959: loss=0.949385 cross_entropy_loss=9.665577
2026-04-27,08:49:15 | INFO |   Batch 4200 / 5959: loss=0.950913 cross_entropy_loss=10.028660
2026-04-27,08:49:19 | INFO |   Batch 4300 / 5959: loss=0.956421 cross_entropy_loss=9.631820
2026-04-27,08:49:23 | INFO |   Batch 4400 / 5959: loss=0.966489 cross_entropy_loss=9.666590
2026-04-27,08:49:26 | INFO |   Batch 4500 / 5959: loss=0.963117 cross_entropy_loss=9.490388
2026-04-27,08:49:30 | INFO |   Batch 4600 / 5959: loss=0.930185 cross_entropy_loss=9.618989
2026-04-27,08:49:34 | INFO |   Batch 4700 / 5959: loss=0.931373 cross_entropy_loss=9.256942
2026-04-27,08:49:38 | INFO |   Batch 4800 / 5959: loss=0.957106 cross_entropy_loss=9.854456
2026-04-27,08:49:41 | INFO |   Batch 4900 / 5959: loss=0.951686 cross_entropy_loss=9.642356
2026-04-27,08:49:45 | INFO |   Batch 5000 / 5959: loss=0.948547 cross_entropy_loss=9.331322
2026-04-27,08:49:49 | INFO |   Batch 5100 / 5959: loss=0.930208 cross_entropy_loss=9.308533
2026-04-27,08:49:53 | INFO |   Batch 5200 / 5959: loss=0.959464 cross_entropy_loss=9.925309
2026-04-27,08:49:57 | INFO |   Batch 5300 / 5959: loss=0.957227 cross_entropy_loss=9.591110
2026-04-27,08:50:00 | INFO |   Batch 5400 / 5959: loss=0.951590 cross_entropy_loss=9.911642
2026-04-27,08:50:04 | INFO |   Batch 5500 / 5959: loss=0.963142 cross_entropy_loss=9.658416
2026-04-27,08:50:08 | INFO |   Batch 5600 / 5959: loss=0.975261 cross_entropy_loss=10.054560
2026-04-27,08:50:12 | INFO |   Batch 5700 / 5959: loss=0.970286 cross_entropy_loss=9.839131
2026-04-27,08:50:15 | INFO |   Batch 5800 / 5959: loss=0.917244 cross_entropy_loss=9.655854
2026-04-27,08:50:19 | INFO |   Batch 5900 / 5959: loss=0.956301 cross_entropy_loss=10.031361
2026-04-27,08:50:22 | INFO | Evaluating on validation set
2026-04-27,08:50:22 | INFO |   Batch 0 / 745: loss=10.001340
2026-04-27,08:50:23 | INFO |   Batch 100 / 745: loss=10.419458
2026-04-27,08:50:24 | INFO |   Batch 200 / 745: loss=9.863109
2026-04-27,08:50:24 | INFO |   Batch 300 / 745: loss=9.773237
2026-04-27,08:50:25 | INFO |   Batch 400 / 745: loss=10.105715
2026-04-27,08:50:26 | INFO |   Batch 500 / 745: loss=10.162595
2026-04-27,08:50:27 | INFO |   Batch 600 / 745: loss=9.754723
2026-04-27,08:50:28 | INFO |   Batch 700 / 745: loss=10.057627
2026-04-27,08:50:28 | INFO | New best model found
2026-04-27,08:50:28 | INFO | Epoch 14: cross_entropy_loss=9.710682 val_loss=9.972365 val_acc=0.266346
2026-04-27,08:50:28 | INFO |   Best val_acc=0.266346
2026-04-27,08:50:29 | INFO | Saved checkpoint for epoch 14.
2026-04-27,08:50:29 | INFO | Epoch 15/20, learning_rate=0.000412
2026-04-27,08:50:30 | INFO |   Batch 0 / 5959: loss=0.983364 cross_entropy_loss=9.952951
2026-04-27,08:50:34 | INFO |   Batch 100 / 5959: loss=0.962815 cross_entropy_loss=9.599119
2026-04-27,08:50:37 | INFO |   Batch 200 / 5959: loss=0.948041 cross_entropy_loss=9.645669
2026-04-27,08:50:41 | INFO |   Batch 300 / 5959: loss=0.948151 cross_entropy_loss=9.637115
2026-04-27,08:50:45 | INFO |   Batch 400 / 5959: loss=0.976363 cross_entropy_loss=9.720477
2026-04-27,08:50:49 | INFO |   Batch 500 / 5959: loss=0.970780 cross_entropy_loss=9.700954
2026-04-27,08:50:52 | INFO |   Batch 600 / 5959: loss=0.981418 cross_entropy_loss=10.145004
2026-04-27,08:50:56 | INFO |   Batch 700 / 5959: loss=0.949622 cross_entropy_loss=9.676904
2026-04-27,08:51:00 | INFO |   Batch 800 / 5959: loss=0.969348 cross_entropy_loss=9.562689
2026-04-27,08:51:04 | INFO |   Batch 900 / 5959: loss=0.969287 cross_entropy_loss=9.943915
2026-04-27,08:51:07 | INFO |   Batch 1000 / 5959: loss=0.983796 cross_entropy_loss=9.618259
2026-04-27,08:51:11 | INFO |   Batch 1100 / 5959: loss=0.973916 cross_entropy_loss=9.844944
2026-04-27,08:51:15 | INFO |   Batch 1200 / 5959: loss=0.958103 cross_entropy_loss=9.987571
2026-04-27,08:51:19 | INFO |   Batch 1300 / 5959: loss=0.963973 cross_entropy_loss=9.743478
2026-04-27,08:51:22 | INFO |   Batch 1400 / 5959: loss=0.953441 cross_entropy_loss=9.441223
2026-04-27,08:51:26 | INFO |   Batch 1500 / 5959: loss=0.973492 cross_entropy_loss=9.931518
2026-04-27,08:51:30 | INFO |   Batch 1600 / 5959: loss=0.974997 cross_entropy_loss=9.487289
2026-04-27,08:51:34 | INFO |   Batch 1700 / 5959: loss=0.972475 cross_entropy_loss=9.606892
2026-04-27,08:51:37 | INFO |   Batch 1800 / 5959: loss=0.969680 cross_entropy_loss=9.870990
2026-04-27,08:51:41 | INFO |   Batch 1900 / 5959: loss=0.964630 cross_entropy_loss=9.835963
2026-04-27,08:51:45 | INFO |   Batch 2000 / 5959: loss=0.967072 cross_entropy_loss=9.675536
2026-04-27,08:51:49 | INFO |   Batch 2100 / 5959: loss=0.961990 cross_entropy_loss=9.665243
2026-04-27,08:51:52 | INFO |   Batch 2200 / 5959: loss=0.950029 cross_entropy_loss=9.615294
2026-04-27,08:51:56 | INFO |   Batch 2300 / 5959: loss=0.979017 cross_entropy_loss=9.569951
2026-04-27,08:52:00 | INFO |   Batch 2400 / 5959: loss=0.948936 cross_entropy_loss=9.474689
2026-04-27,08:52:04 | INFO |   Batch 2500 / 5959: loss=0.966577 cross_entropy_loss=9.514194
2026-04-27,08:52:07 | INFO |   Batch 2600 / 5959: loss=0.955617 cross_entropy_loss=9.740391
2026-04-27,08:52:11 | INFO |   Batch 2700 / 5959: loss=0.958787 cross_entropy_loss=9.998699
2026-04-27,08:52:15 | INFO |   Batch 2800 / 5959: loss=0.958406 cross_entropy_loss=9.761223
2026-04-27,08:52:19 | INFO |   Batch 2900 / 5959: loss=0.982331 cross_entropy_loss=9.446343
2026-04-27,08:52:22 | INFO |   Batch 3000 / 5959: loss=0.962700 cross_entropy_loss=9.842909
2026-04-27,08:52:26 | INFO |   Batch 3100 / 5959: loss=0.971194 cross_entropy_loss=9.648752
2026-04-27,08:52:30 | INFO |   Batch 3200 / 5959: loss=0.974939 cross_entropy_loss=9.599927
2026-04-27,08:52:34 | INFO |   Batch 3300 / 5959: loss=0.942083 cross_entropy_loss=9.600896
2026-04-27,08:52:37 | INFO |   Batch 3400 / 5959: loss=0.951130 cross_entropy_loss=9.903674
2026-04-27,08:52:41 | INFO |   Batch 3500 / 5959: loss=0.969667 cross_entropy_loss=9.821127
2026-04-27,08:52:45 | INFO |   Batch 3600 / 5959: loss=0.967844 cross_entropy_loss=9.998050
2026-04-27,08:52:48 | INFO |   Batch 3700 / 5959: loss=0.964764 cross_entropy_loss=9.294240
2026-04-27,08:52:52 | INFO |   Batch 3800 / 5959: loss=0.966035 cross_entropy_loss=9.673745
2026-04-27,08:52:56 | INFO |   Batch 3900 / 5959: loss=0.976817 cross_entropy_loss=9.432280
2026-04-27,08:53:00 | INFO |   Batch 4000 / 5959: loss=0.966735 cross_entropy_loss=9.973042
2026-04-27,08:53:03 | INFO |   Batch 4100 / 5959: loss=0.983495 cross_entropy_loss=9.988699
2026-04-27,08:53:07 | INFO |   Batch 4200 / 5959: loss=0.980015 cross_entropy_loss=9.800069
2026-04-27,08:53:11 | INFO |   Batch 4300 / 5959: loss=0.977364 cross_entropy_loss=9.567999
2026-04-27,08:53:14 | INFO |   Batch 4400 / 5959: loss=0.961888 cross_entropy_loss=9.870575
2026-04-27,08:53:18 | INFO |   Batch 4500 / 5959: loss=0.965988 cross_entropy_loss=9.736035
2026-04-27,08:53:22 | INFO |   Batch 4600 / 5959: loss=0.957757 cross_entropy_loss=9.585000
2026-04-27,08:53:26 | INFO |   Batch 4700 / 5959: loss=0.954231 cross_entropy_loss=9.866989
2026-04-27,08:53:30 | INFO |   Batch 4800 / 5959: loss=0.949633 cross_entropy_loss=9.229868
2026-04-27,08:53:33 | INFO |   Batch 4900 / 5959: loss=0.964980 cross_entropy_loss=9.940589
2026-04-27,08:53:37 | INFO |   Batch 5000 / 5959: loss=0.939217 cross_entropy_loss=9.439248
2026-04-27,08:53:41 | INFO |   Batch 5100 / 5959: loss=0.951139 cross_entropy_loss=9.751643
2026-04-27,08:53:45 | INFO |   Batch 5200 / 5959: loss=0.952146 cross_entropy_loss=9.427272
2026-04-27,08:53:48 | INFO |   Batch 5300 / 5959: loss=0.976484 cross_entropy_loss=9.459446
2026-04-27,08:53:52 | INFO |   Batch 5400 / 5959: loss=0.959580 cross_entropy_loss=9.438450
2026-04-27,08:53:56 | INFO |   Batch 5500 / 5959: loss=0.949773 cross_entropy_loss=9.840930
2026-04-27,08:54:00 | INFO |   Batch 5600 / 5959: loss=0.966881 cross_entropy_loss=9.691275
2026-04-27,08:54:03 | INFO |   Batch 5700 / 5959: loss=0.924358 cross_entropy_loss=9.928649
2026-04-27,08:54:07 | INFO |   Batch 5800 / 5959: loss=0.943249 cross_entropy_loss=9.723151
2026-04-27,08:54:11 | INFO |   Batch 5900 / 5959: loss=0.933294 cross_entropy_loss=9.375606
2026-04-27,08:54:13 | INFO | Evaluating on validation set
2026-04-27,08:54:14 | INFO |   Batch 0 / 745: loss=9.980498
2026-04-27,08:54:15 | INFO |   Batch 100 / 745: loss=10.400552
2026-04-27,08:54:16 | INFO |   Batch 200 / 745: loss=9.841304
2026-04-27,08:54:16 | INFO |   Batch 300 / 745: loss=9.751455
2026-04-27,08:54:17 | INFO |   Batch 400 / 745: loss=10.083079
2026-04-27,08:54:18 | INFO |   Batch 500 / 745: loss=10.141545
2026-04-27,08:54:19 | INFO |   Batch 600 / 745: loss=9.731030
2026-04-27,08:54:20 | INFO |   Batch 700 / 745: loss=10.037441
2026-04-27,08:54:20 | INFO | New best model found
2026-04-27,08:54:20 | INFO | Epoch 15: cross_entropy_loss=9.676570 val_loss=9.950765 val_acc=0.267248
2026-04-27,08:54:20 | INFO |   Best val_acc=0.267248
2026-04-27,08:54:21 | INFO | Saved checkpoint for epoch 15.
2026-04-27,08:54:21 | INFO | Epoch 16/20, learning_rate=0.000293
2026-04-27,08:54:22 | INFO |   Batch 0 / 5959: loss=0.972627 cross_entropy_loss=9.546036
2026-04-27,08:54:25 | INFO |   Batch 100 / 5959: loss=0.975950 cross_entropy_loss=9.656433
2026-04-27,08:54:29 | INFO |   Batch 200 / 5959: loss=0.968692 cross_entropy_loss=9.686046
2026-04-27,08:54:33 | INFO |   Batch 300 / 5959: loss=0.961292 cross_entropy_loss=9.880799
2026-04-27,08:54:37 | INFO |   Batch 400 / 5959: loss=0.972585 cross_entropy_loss=9.688513
2026-04-27,08:54:40 | INFO |   Batch 500 / 5959: loss=0.976680 cross_entropy_loss=10.045464
2026-04-27,08:54:44 | INFO |   Batch 600 / 5959: loss=0.981254 cross_entropy_loss=9.772555
2026-04-27,08:54:48 | INFO |   Batch 700 / 5959: loss=0.968392 cross_entropy_loss=10.062455
2026-04-27,08:54:52 | INFO |   Batch 800 / 5959: loss=0.977555 cross_entropy_loss=9.550069
2026-04-27,08:54:55 | INFO |   Batch 900 / 5959: loss=0.981252 cross_entropy_loss=9.736371
2026-04-27,08:54:59 | INFO |   Batch 1000 / 5959: loss=0.955080 cross_entropy_loss=9.551613
2026-04-27,08:55:03 | INFO |   Batch 1100 / 5959: loss=0.982522 cross_entropy_loss=9.667110
2026-04-27,08:55:06 | INFO |   Batch 1200 / 5959: loss=0.963251 cross_entropy_loss=9.824678
2026-04-27,08:55:10 | INFO |   Batch 1300 / 5959: loss=0.973006 cross_entropy_loss=9.822942
2026-04-27,08:55:14 | INFO |   Batch 1400 / 5959: loss=0.989503 cross_entropy_loss=9.820533
2026-04-27,08:55:18 | INFO |   Batch 1500 / 5959: loss=0.968344 cross_entropy_loss=9.790797
2026-04-27,08:55:22 | INFO |   Batch 1600 / 5959: loss=0.971210 cross_entropy_loss=10.081414
2026-04-27,08:55:25 | INFO |   Batch 1700 / 5959: loss=0.961888 cross_entropy_loss=9.621098
2026-04-27,08:55:29 | INFO |   Batch 1800 / 5959: loss=0.978686 cross_entropy_loss=9.838528
2026-04-27,08:55:33 | INFO |   Batch 1900 / 5959: loss=0.968638 cross_entropy_loss=9.470451
2026-04-27,08:55:36 | INFO |   Batch 2000 / 5959: loss=0.974193 cross_entropy_loss=9.925023
2026-04-27,08:55:40 | INFO |   Batch 2100 / 5959: loss=0.934886 cross_entropy_loss=9.499917
2026-04-27,08:55:44 | INFO |   Batch 2200 / 5959: loss=0.976872 cross_entropy_loss=9.865210
2026-04-27,08:55:48 | INFO |   Batch 2300 / 5959: loss=0.979747 cross_entropy_loss=9.896858
2026-04-27,08:55:51 | INFO |   Batch 2400 / 5959: loss=0.955524 cross_entropy_loss=9.757155
2026-04-27,08:55:55 | INFO |   Batch 2500 / 5959: loss=0.992457 cross_entropy_loss=9.520310
2026-04-27,08:55:59 | INFO |   Batch 2600 / 5959: loss=0.968695 cross_entropy_loss=9.541897
2026-04-27,08:56:03 | INFO |   Batch 2700 / 5959: loss=0.972580 cross_entropy_loss=9.633783
2026-04-27,08:56:06 | INFO |   Batch 2800 / 5959: loss=0.974696 cross_entropy_loss=9.842337
2026-04-27,08:56:10 | INFO |   Batch 2900 / 5959: loss=0.952161 cross_entropy_loss=9.919147
2026-04-27,08:56:14 | INFO |   Batch 3000 / 5959: loss=0.984856 cross_entropy_loss=10.007832
2026-04-27,08:56:18 | INFO |   Batch 3100 / 5959: loss=0.987624 cross_entropy_loss=9.341306
2026-04-27,08:56:21 | INFO |   Batch 3200 / 5959: loss=0.979844 cross_entropy_loss=9.965839
2026-04-27,08:56:25 | INFO |   Batch 3300 / 5959: loss=0.965678 cross_entropy_loss=9.495185
2026-04-27,08:56:29 | INFO |   Batch 3400 / 5959: loss=0.972060 cross_entropy_loss=9.700894
2026-04-27,08:56:33 | INFO |   Batch 3500 / 5959: loss=0.970283 cross_entropy_loss=9.459467
2026-04-27,08:56:37 | INFO |   Batch 3600 / 5959: loss=0.949175 cross_entropy_loss=9.368253
2026-04-27,08:56:40 | INFO |   Batch 3700 / 5959: loss=0.977587 cross_entropy_loss=9.882611
2026-04-27,08:56:44 | INFO |   Batch 3800 / 5959: loss=0.975371 cross_entropy_loss=9.731761
2026-04-27,08:56:48 | INFO |   Batch 3900 / 5959: loss=0.964746 cross_entropy_loss=9.936271
2026-04-27,08:56:51 | INFO |   Batch 4000 / 5959: loss=0.995975 cross_entropy_loss=9.497089
2026-04-27,08:56:55 | INFO |   Batch 4100 / 5959: loss=0.961475 cross_entropy_loss=9.954065
2026-04-27,08:56:59 | INFO |   Batch 4200 / 5959: loss=0.968046 cross_entropy_loss=9.703744
2026-04-27,08:57:03 | INFO |   Batch 4300 / 5959: loss=0.948129 cross_entropy_loss=9.453985
2026-04-27,08:57:06 | INFO |   Batch 4400 / 5959: loss=0.976742 cross_entropy_loss=9.674034
2026-04-27,08:57:10 | INFO |   Batch 4500 / 5959: loss=0.964302 cross_entropy_loss=9.558035
2026-04-27,08:57:14 | INFO |   Batch 4600 / 5959: loss=0.949144 cross_entropy_loss=9.739509
2026-04-27,08:57:18 | INFO |   Batch 4700 / 5959: loss=0.975075 cross_entropy_loss=9.775509
2026-04-27,08:57:21 | INFO |   Batch 4800 / 5959: loss=0.964377 cross_entropy_loss=9.331448
2026-04-27,08:57:25 | INFO |   Batch 4900 / 5959: loss=0.958974 cross_entropy_loss=9.909440
2026-04-27,08:57:29 | INFO |   Batch 5000 / 5959: loss=0.978456 cross_entropy_loss=9.541783
2026-04-27,08:57:33 | INFO |   Batch 5100 / 5959: loss=0.953547 cross_entropy_loss=9.452292
2026-04-27,08:57:37 | INFO |   Batch 5200 / 5959: loss=0.967530 cross_entropy_loss=9.865736
2026-04-27,08:57:40 | INFO |   Batch 5300 / 5959: loss=0.969162 cross_entropy_loss=9.291725
2026-04-27,08:57:44 | INFO |   Batch 5400 / 5959: loss=0.990533 cross_entropy_loss=9.997794
2026-04-27,08:57:48 | INFO |   Batch 5500 / 5959: loss=0.975080 cross_entropy_loss=9.894721
2026-04-27,08:57:51 | INFO |   Batch 5600 / 5959: loss=0.965667 cross_entropy_loss=9.697880
2026-04-27,08:57:55 | INFO |   Batch 5700 / 5959: loss=0.988523 cross_entropy_loss=9.963127
2026-04-27,08:57:59 | INFO |   Batch 5800 / 5959: loss=0.953697 cross_entropy_loss=9.501832
2026-04-27,08:58:03 | INFO |   Batch 5900 / 5959: loss=0.967056 cross_entropy_loss=9.644033
2026-04-27,08:58:05 | INFO | Evaluating on validation set
2026-04-27,08:58:06 | INFO |   Batch 0 / 745: loss=9.965471
2026-04-27,08:58:07 | INFO |   Batch 100 / 745: loss=10.387368
2026-04-27,08:58:07 | INFO |   Batch 200 / 745: loss=9.825618
2026-04-27,08:58:08 | INFO |   Batch 300 / 745: loss=9.736033
2026-04-27,08:58:09 | INFO |   Batch 400 / 745: loss=10.067575
2026-04-27,08:58:10 | INFO |   Batch 500 / 745: loss=10.126470
2026-04-27,08:58:11 | INFO |   Batch 600 / 745: loss=9.714573
2026-04-27,08:58:11 | INFO |   Batch 700 / 745: loss=10.023499
2026-04-27,08:58:12 | INFO | New best model found
2026-04-27,08:58:12 | INFO | Epoch 16: cross_entropy_loss=9.651531 val_loss=9.935574 val_acc=0.267573
2026-04-27,08:58:12 | INFO |   Best val_acc=0.267573
2026-04-27,08:58:13 | INFO | Saved checkpoint for epoch 16.
2026-04-27,08:58:13 | INFO | Epoch 17/20, learning_rate=0.000191
2026-04-27,08:58:13 | INFO |   Batch 0 / 5959: loss=0.998072 cross_entropy_loss=9.744095
2026-04-27,08:58:17 | INFO |   Batch 100 / 5959: loss=0.988545 cross_entropy_loss=9.434320
2026-04-27,08:58:21 | INFO |   Batch 200 / 5959: loss=0.992301 cross_entropy_loss=9.630844
2026-04-27,08:58:25 | INFO |   Batch 300 / 5959: loss=0.992869 cross_entropy_loss=9.785916
2026-04-27,08:58:28 | INFO |   Batch 400 / 5959: loss=0.986135 cross_entropy_loss=9.908198
2026-04-27,08:58:32 | INFO |   Batch 500 / 5959: loss=0.969777 cross_entropy_loss=9.567032
2026-04-27,08:58:36 | INFO |   Batch 600 / 5959: loss=0.988707 cross_entropy_loss=9.489530
2026-04-27,08:58:40 | INFO |   Batch 700 / 5959: loss=1.011319 cross_entropy_loss=9.690736
2026-04-27,08:58:44 | INFO |   Batch 800 / 5959: loss=0.975312 cross_entropy_loss=9.617031
2026-04-27,08:58:47 | INFO |   Batch 900 / 5959: loss=0.979270 cross_entropy_loss=9.756424
2026-04-27,08:58:51 | INFO |   Batch 1000 / 5959: loss=0.995382 cross_entropy_loss=9.478814
2026-04-27,08:58:55 | INFO |   Batch 1100 / 5959: loss=0.979557 cross_entropy_loss=9.654158
2026-04-27,08:58:58 | INFO |   Batch 1200 / 5959: loss=0.979055 cross_entropy_loss=9.588505
2026-04-27,08:59:02 | INFO |   Batch 1300 / 5959: loss=0.977627 cross_entropy_loss=9.329796
2026-04-27,08:59:06 | INFO |   Batch 1400 / 5959: loss=0.958275 cross_entropy_loss=9.317355
2026-04-27,08:59:10 | INFO |   Batch 1500 / 5959: loss=1.002271 cross_entropy_loss=10.075315
2026-04-27,08:59:13 | INFO |   Batch 1600 / 5959: loss=0.988948 cross_entropy_loss=9.510513
2026-04-27,08:59:17 | INFO |   Batch 1700 / 5959: loss=0.976286 cross_entropy_loss=9.474673
2026-04-27,08:59:21 | INFO |   Batch 1800 / 5959: loss=0.958848 cross_entropy_loss=9.420184
2026-04-27,08:59:25 | INFO |   Batch 1900 / 5959: loss=0.975731 cross_entropy_loss=9.460914
2026-04-27,08:59:28 | INFO |   Batch 2000 / 5959: loss=0.978262 cross_entropy_loss=9.861691
2026-04-27,08:59:32 | INFO |   Batch 2100 / 5959: loss=0.964005 cross_entropy_loss=9.681490
2026-04-27,08:59:36 | INFO |   Batch 2200 / 5959: loss=0.970412 cross_entropy_loss=9.835065
2026-04-27,08:59:40 | INFO |   Batch 2300 / 5959: loss=0.973382 cross_entropy_loss=9.711391
2026-04-27,08:59:43 | INFO |   Batch 2400 / 5959: loss=0.980791 cross_entropy_loss=10.024970
2026-04-27,08:59:47 | INFO |   Batch 2500 / 5959: loss=0.986007 cross_entropy_loss=9.689250
2026-04-27,08:59:51 | INFO |   Batch 2600 / 5959: loss=0.983331 cross_entropy_loss=10.139922
2026-04-27,08:59:55 | INFO |   Batch 2700 / 5959: loss=1.002281 cross_entropy_loss=9.659168
2026-04-27,08:59:59 | INFO |   Batch 2800 / 5959: loss=0.983928 cross_entropy_loss=9.816519
2026-04-27,09:00:02 | INFO |   Batch 2900 / 5959: loss=0.977651 cross_entropy_loss=9.744936
2026-04-27,09:00:06 | INFO |   Batch 3000 / 5959: loss=0.985808 cross_entropy_loss=9.821135
2026-04-27,09:00:10 | INFO |   Batch 3100 / 5959: loss=0.956475 cross_entropy_loss=9.459686
2026-04-27,09:00:13 | INFO |   Batch 3200 / 5959: loss=0.973775 cross_entropy_loss=9.483104
2026-04-27,09:00:17 | INFO |   Batch 3300 / 5959: loss=0.973909 cross_entropy_loss=9.727113
2026-04-27,09:00:21 | INFO |   Batch 3400 / 5959: loss=0.987678 cross_entropy_loss=9.447473
2026-04-27,09:00:25 | INFO |   Batch 3500 / 5959: loss=0.953150 cross_entropy_loss=9.513231
2026-04-27,09:00:28 | INFO |   Batch 3600 / 5959: loss=0.979071 cross_entropy_loss=9.778929
2026-04-27,09:00:32 | INFO |   Batch 3700 / 5959: loss=0.977095 cross_entropy_loss=9.572581
2026-04-27,09:00:36 | INFO |   Batch 3800 / 5959: loss=0.987564 cross_entropy_loss=9.612032
2026-04-27,09:00:40 | INFO |   Batch 3900 / 5959: loss=0.978906 cross_entropy_loss=9.633257
2026-04-27,09:00:43 | INFO |   Batch 4000 / 5959: loss=0.960844 cross_entropy_loss=9.651360
2026-04-27,09:00:47 | INFO |   Batch 4100 / 5959: loss=0.992127 cross_entropy_loss=9.592091
2026-04-27,09:00:51 | INFO |   Batch 4200 / 5959: loss=0.982880 cross_entropy_loss=9.920470
2026-04-27,09:00:54 | INFO |   Batch 4300 / 5959: loss=0.984852 cross_entropy_loss=9.480283
2026-04-27,09:00:58 | INFO |   Batch 4400 / 5959: loss=0.961275 cross_entropy_loss=9.426131
2026-04-27,09:01:02 | INFO |   Batch 4500 / 5959: loss=0.994197 cross_entropy_loss=9.578942
2026-04-27,09:01:06 | INFO |   Batch 4600 / 5959: loss=0.963777 cross_entropy_loss=9.351229
2026-04-27,09:01:10 | INFO |   Batch 4700 / 5959: loss=0.976419 cross_entropy_loss=9.508290
2026-04-27,09:01:13 | INFO |   Batch 4800 / 5959: loss=0.970408 cross_entropy_loss=9.861249
2026-04-27,09:01:17 | INFO |   Batch 4900 / 5959: loss=0.985668 cross_entropy_loss=9.486307
2026-04-27,09:01:21 | INFO |   Batch 5000 / 5959: loss=0.970156 cross_entropy_loss=9.530564
2026-04-27,09:01:25 | INFO |   Batch 5100 / 5959: loss=0.970128 cross_entropy_loss=9.794746
2026-04-27,09:01:28 | INFO |   Batch 5200 / 5959: loss=0.980187 cross_entropy_loss=9.382440
2026-04-27,09:01:32 | INFO |   Batch 5300 / 5959: loss=0.978742 cross_entropy_loss=9.378733
2026-04-27,09:01:36 | INFO |   Batch 5400 / 5959: loss=0.981250 cross_entropy_loss=9.628216
2026-04-27,09:01:40 | INFO |   Batch 5500 / 5959: loss=0.960630 cross_entropy_loss=9.529819
2026-04-27,09:01:43 | INFO |   Batch 5600 / 5959: loss=0.964998 cross_entropy_loss=9.433109
2026-04-27,09:01:47 | INFO |   Batch 5700 / 5959: loss=0.976702 cross_entropy_loss=9.912136
2026-04-27,09:01:51 | INFO |   Batch 5800 / 5959: loss=0.971047 cross_entropy_loss=9.712454
2026-04-27,09:01:55 | INFO |   Batch 5900 / 5959: loss=0.981809 cross_entropy_loss=9.786850
2026-04-27,09:01:57 | INFO | Evaluating on validation set
2026-04-27,09:01:58 | INFO |   Batch 0 / 745: loss=9.955900
2026-04-27,09:01:58 | INFO |   Batch 100 / 745: loss=10.378671
2026-04-27,09:01:59 | INFO |   Batch 200 / 745: loss=9.815367
2026-04-27,09:02:00 | INFO |   Batch 300 / 745: loss=9.726350
2026-04-27,09:02:01 | INFO |   Batch 400 / 745: loss=10.057227
2026-04-27,09:02:01 | INFO |   Batch 500 / 745: loss=10.116726
2026-04-27,09:02:02 | INFO |   Batch 600 / 745: loss=9.704020
2026-04-27,09:02:03 | INFO |   Batch 700 / 745: loss=10.014303
2026-04-27,09:02:04 | INFO | New best model found
2026-04-27,09:02:04 | INFO | Epoch 17: cross_entropy_loss=9.634282 val_loss=9.925731 val_acc=0.268202
2026-04-27,09:02:04 | INFO |   Best val_acc=0.268202
2026-04-27,09:02:04 | INFO | Saved checkpoint for epoch 17.
2026-04-27,09:02:04 | INFO | Epoch 18/20, learning_rate=0.000109
2026-04-27,09:02:05 | INFO |   Batch 0 / 5959: loss=0.989304 cross_entropy_loss=9.717413
2026-04-27,09:02:09 | INFO |   Batch 100 / 5959: loss=0.983116 cross_entropy_loss=9.436522
2026-04-27,09:02:13 | INFO |   Batch 200 / 5959: loss=0.987287 cross_entropy_loss=9.691890
2026-04-27,09:02:16 | INFO |   Batch 300 / 5959: loss=0.970994 cross_entropy_loss=9.837107
2026-04-27,09:02:20 | INFO |   Batch 400 / 5959: loss=0.980443 cross_entropy_loss=9.806029
2026-04-27,09:02:24 | INFO |   Batch 500 / 5959: loss=0.986349 cross_entropy_loss=9.654743
2026-04-27,09:02:27 | INFO |   Batch 600 / 5959: loss=0.988025 cross_entropy_loss=9.822132
2026-04-27,09:02:31 | INFO |   Batch 700 / 5959: loss=1.005195 cross_entropy_loss=9.848039
2026-04-27,09:02:35 | INFO |   Batch 800 / 5959: loss=0.981260 cross_entropy_loss=9.500403
2026-04-27,09:02:39 | INFO |   Batch 900 / 5959: loss=0.980808 cross_entropy_loss=9.720414
2026-04-27,09:02:42 | INFO |   Batch 1000 / 5959: loss=1.009716 cross_entropy_loss=10.136006
2026-04-27,09:02:46 | INFO |   Batch 1100 / 5959: loss=0.975293 cross_entropy_loss=9.633599
2026-04-27,09:02:50 | INFO |   Batch 1200 / 5959: loss=0.980708 cross_entropy_loss=9.644343
2026-04-27,09:02:54 | INFO |   Batch 1300 / 5959: loss=0.985459 cross_entropy_loss=9.970162
2026-04-27,09:02:58 | INFO |   Batch 1400 / 5959: loss=0.981937 cross_entropy_loss=9.736049
2026-04-27,09:03:01 | INFO |   Batch 1500 / 5959: loss=0.997208 cross_entropy_loss=9.840494
2026-04-27,09:03:05 | INFO |   Batch 1600 / 5959: loss=0.976289 cross_entropy_loss=9.679290
2026-04-27,09:03:09 | INFO |   Batch 1700 / 5959: loss=0.980597 cross_entropy_loss=9.203878
2026-04-27,09:03:12 | INFO |   Batch 1800 / 5959: loss=0.995824 cross_entropy_loss=9.724876
2026-04-27,09:03:16 | INFO |   Batch 1900 / 5959: loss=0.951158 cross_entropy_loss=9.660677
2026-04-27,09:03:20 | INFO |   Batch 2000 / 5959: loss=1.003307 cross_entropy_loss=9.944504
2026-04-27,09:03:23 | INFO |   Batch 2100 / 5959: loss=0.964511 cross_entropy_loss=9.607115
2026-04-27,09:03:27 | INFO |   Batch 2200 / 5959: loss=1.010007 cross_entropy_loss=10.054397
2026-04-27,09:03:31 | INFO |   Batch 2300 / 5959: loss=0.968723 cross_entropy_loss=9.341529
2026-04-27,09:03:35 | INFO |   Batch 2400 / 5959: loss=0.988112 cross_entropy_loss=9.637294
2026-04-27,09:03:38 | INFO |   Batch 2500 / 5959: loss=0.992866 cross_entropy_loss=9.570567
2026-04-27,09:03:42 | INFO |   Batch 2600 / 5959: loss=0.975725 cross_entropy_loss=9.567677
2026-04-27,09:03:46 | INFO |   Batch 2700 / 5959: loss=0.983732 cross_entropy_loss=9.583617
2026-04-27,09:03:50 | INFO |   Batch 2800 / 5959: loss=0.975219 cross_entropy_loss=9.617347
2026-04-27,09:03:53 | INFO |   Batch 2900 / 5959: loss=0.972878 cross_entropy_loss=9.698412
2026-04-27,09:03:57 | INFO |   Batch 3000 / 5959: loss=0.971754 cross_entropy_loss=9.771394
2026-04-27,09:04:01 | INFO |   Batch 3100 / 5959: loss=0.982676 cross_entropy_loss=9.508951
2026-04-27,09:04:04 | INFO |   Batch 3200 / 5959: loss=0.969935 cross_entropy_loss=9.821238
2026-04-27,09:04:08 | INFO |   Batch 3300 / 5959: loss=0.990040 cross_entropy_loss=9.831738
2026-04-27,09:04:12 | INFO |   Batch 3400 / 5959: loss=0.981915 cross_entropy_loss=9.685493
2026-04-27,09:04:16 | INFO |   Batch 3500 / 5959: loss=0.977834 cross_entropy_loss=9.444505
2026-04-27,09:04:19 | INFO |   Batch 3600 / 5959: loss=0.982733 cross_entropy_loss=9.751454
2026-04-27,09:04:23 | INFO |   Batch 3700 / 5959: loss=0.971719 cross_entropy_loss=9.255754
2026-04-27,09:04:27 | INFO |   Batch 3800 / 5959: loss=0.978466 cross_entropy_loss=9.734721
2026-04-27,09:04:31 | INFO |   Batch 3900 / 5959: loss=0.972528 cross_entropy_loss=9.720267
2026-04-27,09:04:34 | INFO |   Batch 4000 / 5959: loss=0.984154 cross_entropy_loss=9.524656
2026-04-27,09:04:38 | INFO |   Batch 4100 / 5959: loss=0.979087 cross_entropy_loss=9.786883
2026-04-27,09:04:42 | INFO |   Batch 4200 / 5959: loss=1.003077 cross_entropy_loss=9.774262
2026-04-27,09:04:46 | INFO |   Batch 4300 / 5959: loss=0.993017 cross_entropy_loss=9.808441
2026-04-27,09:04:49 | INFO |   Batch 4400 / 5959: loss=0.977285 cross_entropy_loss=9.576938
2026-04-27,09:04:53 | INFO |   Batch 4500 / 5959: loss=1.000988 cross_entropy_loss=9.717728
2026-04-27,09:04:57 | INFO |   Batch 4600 / 5959: loss=0.984828 cross_entropy_loss=9.800160
2026-04-27,09:05:01 | INFO |   Batch 4700 / 5959: loss=1.002458 cross_entropy_loss=9.760996
2026-04-27,09:05:04 | INFO |   Batch 4800 / 5959: loss=0.957746 cross_entropy_loss=9.453197
2026-04-27,09:05:08 | INFO |   Batch 4900 / 5959: loss=0.987117 cross_entropy_loss=9.644247
2026-04-27,09:05:12 | INFO |   Batch 5000 / 5959: loss=1.005661 cross_entropy_loss=9.366994
2026-04-27,09:05:16 | INFO |   Batch 5100 / 5959: loss=0.976197 cross_entropy_loss=9.360591
2026-04-27,09:05:19 | INFO |   Batch 5200 / 5959: loss=0.978413 cross_entropy_loss=9.681076
2026-04-27,09:05:23 | INFO |   Batch 5300 / 5959: loss=0.970294 cross_entropy_loss=9.552641
2026-04-27,09:05:27 | INFO |   Batch 5400 / 5959: loss=0.994265 cross_entropy_loss=9.998936
2026-04-27,09:05:31 | INFO |   Batch 5500 / 5959: loss=0.983147 cross_entropy_loss=9.947658
2026-04-27,09:05:34 | INFO |   Batch 5600 / 5959: loss=0.981398 cross_entropy_loss=9.538966
2026-04-27,09:05:38 | INFO |   Batch 5700 / 5959: loss=0.965827 cross_entropy_loss=9.700747
2026-04-27,09:05:42 | INFO |   Batch 5800 / 5959: loss=0.986758 cross_entropy_loss=9.507386
2026-04-27,09:05:46 | INFO |   Batch 5900 / 5959: loss=0.961645 cross_entropy_loss=9.663025
2026-04-27,09:05:48 | INFO | Evaluating on validation set
2026-04-27,09:05:48 | INFO |   Batch 0 / 745: loss=9.950387
2026-04-27,09:05:49 | INFO |   Batch 100 / 745: loss=10.373906
2026-04-27,09:05:50 | INFO |   Batch 200 / 745: loss=9.809608
2026-04-27,09:05:51 | INFO |   Batch 300 / 745: loss=9.720938
2026-04-27,09:05:52 | INFO |   Batch 400 / 745: loss=10.051314
2026-04-27,09:05:52 | INFO |   Batch 500 / 745: loss=10.111337
2026-04-27,09:05:53 | INFO |   Batch 600 / 745: loss=9.698133
2026-04-27,09:05:54 | INFO |   Batch 700 / 745: loss=10.009137
2026-04-27,09:05:54 | INFO | New best model found
2026-04-27,09:05:54 | INFO | Epoch 18: cross_entropy_loss=9.623493 val_loss=9.920136 val_acc=0.268349
2026-04-27,09:05:54 | INFO |   Best val_acc=0.268349
2026-04-27,09:05:55 | INFO | Saved checkpoint for epoch 18.
2026-04-27,09:05:55 | INFO | Epoch 19/20, learning_rate=0.000049
2026-04-27,09:05:56 | INFO |   Batch 0 / 5959: loss=1.003564 cross_entropy_loss=9.825712
2026-04-27,09:05:59 | INFO |   Batch 100 / 5959: loss=0.979417 cross_entropy_loss=9.767495
2026-04-27,09:06:03 | INFO |   Batch 200 / 5959: loss=0.981049 cross_entropy_loss=9.383430
2026-04-27,09:06:07 | INFO |   Batch 300 / 5959: loss=1.001154 cross_entropy_loss=9.646749
2026-04-27,09:06:11 | INFO |   Batch 400 / 5959: loss=0.975332 cross_entropy_loss=9.786613
2026-04-27,09:06:14 | INFO |   Batch 500 / 5959: loss=1.004162 cross_entropy_loss=9.942845
2026-04-27,09:06:18 | INFO |   Batch 600 / 5959: loss=1.003356 cross_entropy_loss=9.777702
2026-04-27,09:06:22 | INFO |   Batch 700 / 5959: loss=0.983148 cross_entropy_loss=9.674450
2026-04-27,09:06:26 | INFO |   Batch 800 / 5959: loss=1.002179 cross_entropy_loss=9.687886
2026-04-27,09:06:30 | INFO |   Batch 900 / 5959: loss=0.982166 cross_entropy_loss=9.302569
2026-04-27,09:06:33 | INFO |   Batch 1000 / 5959: loss=0.993737 cross_entropy_loss=9.438151
2026-04-27,09:06:37 | INFO |   Batch 1100 / 5959: loss=1.006151 cross_entropy_loss=9.724472
2026-04-27,09:06:41 | INFO |   Batch 1200 / 5959: loss=1.006306 cross_entropy_loss=10.048227
2026-04-27,09:06:44 | INFO |   Batch 1300 / 5959: loss=0.983333 cross_entropy_loss=9.711265
2026-04-27,09:06:48 | INFO |   Batch 1400 / 5959: loss=0.981564 cross_entropy_loss=9.697444
2026-04-27,09:06:52 | INFO |   Batch 1500 / 5959: loss=0.958781 cross_entropy_loss=9.324326
2026-04-27,09:06:55 | INFO |   Batch 1600 / 5959: loss=0.967018 cross_entropy_loss=9.666805
2026-04-27,09:06:59 | INFO |   Batch 1700 / 5959: loss=0.990411 cross_entropy_loss=9.700597
2026-04-27,09:07:03 | INFO |   Batch 1800 / 5959: loss=0.976060 cross_entropy_loss=9.766901
2026-04-27,09:07:07 | INFO |   Batch 1900 / 5959: loss=0.998502 cross_entropy_loss=9.662743
2026-04-27,09:07:10 | INFO |   Batch 2000 / 5959: loss=0.985813 cross_entropy_loss=9.803163
2026-04-27,09:07:14 | INFO |   Batch 2100 / 5959: loss=1.002933 cross_entropy_loss=9.640879
2026-04-27,09:07:18 | INFO |   Batch 2200 / 5959: loss=0.986701 cross_entropy_loss=9.380713
2026-04-27,09:07:22 | INFO |   Batch 2300 / 5959: loss=0.979178 cross_entropy_loss=9.596419
2026-04-27,09:07:25 | INFO |   Batch 2400 / 5959: loss=0.986320 cross_entropy_loss=9.762969
2026-04-27,09:07:29 | INFO |   Batch 2500 / 5959: loss=0.973663 cross_entropy_loss=9.361342
2026-04-27,09:07:33 | INFO |   Batch 2600 / 5959: loss=1.001084 cross_entropy_loss=9.632514
2026-04-27,09:07:37 | INFO |   Batch 2700 / 5959: loss=0.977240 cross_entropy_loss=9.718942
2026-04-27,09:07:40 | INFO |   Batch 2800 / 5959: loss=0.978513 cross_entropy_loss=9.631576
2026-04-27,09:07:44 | INFO |   Batch 2900 / 5959: loss=0.974870 cross_entropy_loss=9.597382
2026-04-27,09:07:48 | INFO |   Batch 3000 / 5959: loss=0.992431 cross_entropy_loss=9.641018
2026-04-27,09:07:52 | INFO |   Batch 3100 / 5959: loss=0.984951 cross_entropy_loss=9.746258
2026-04-27,09:07:55 | INFO |   Batch 3200 / 5959: loss=1.007105 cross_entropy_loss=9.622041
2026-04-27,09:07:59 | INFO |   Batch 3300 / 5959: loss=0.979793 cross_entropy_loss=9.478037
2026-04-27,09:08:03 | INFO |   Batch 3400 / 5959: loss=0.996742 cross_entropy_loss=9.629537
2026-04-27,09:08:06 | INFO |   Batch 3500 / 5959: loss=0.978573 cross_entropy_loss=9.563932
2026-04-27,09:08:10 | INFO |   Batch 3600 / 5959: loss=0.978312 cross_entropy_loss=9.393012
2026-04-27,09:08:14 | INFO |   Batch 3700 / 5959: loss=1.000819 cross_entropy_loss=9.867631
2026-04-27,09:08:18 | INFO |   Batch 3800 / 5959: loss=1.011402 cross_entropy_loss=9.620989
2026-04-27,09:08:21 | INFO |   Batch 3900 / 5959: loss=1.003589 cross_entropy_loss=9.646691
2026-04-27,09:08:25 | INFO |   Batch 4000 / 5959: loss=0.972620 cross_entropy_loss=9.403333
2026-04-27,09:08:29 | INFO |   Batch 4100 / 5959: loss=0.986038 cross_entropy_loss=9.827926
2026-04-27,09:08:33 | INFO |   Batch 4200 / 5959: loss=0.983345 cross_entropy_loss=9.581478
2026-04-27,09:08:36 | INFO |   Batch 4300 / 5959: loss=0.984620 cross_entropy_loss=9.607832
2026-04-27,09:08:40 | INFO |   Batch 4400 / 5959: loss=0.975902 cross_entropy_loss=9.932762
2026-04-27,09:08:44 | INFO |   Batch 4500 / 5959: loss=0.995414 cross_entropy_loss=9.576783
2026-04-27,09:08:47 | INFO |   Batch 4600 / 5959: loss=0.988887 cross_entropy_loss=9.428096
2026-04-27,09:08:51 | INFO |   Batch 4700 / 5959: loss=0.985648 cross_entropy_loss=9.598606
2026-04-27,09:08:55 | INFO |   Batch 4800 / 5959: loss=1.001156 cross_entropy_loss=9.681659
2026-04-27,09:08:59 | INFO |   Batch 4900 / 5959: loss=0.993198 cross_entropy_loss=9.567145
2026-04-27,09:09:02 | INFO |   Batch 5000 / 5959: loss=0.999154 cross_entropy_loss=9.663097
2026-04-27,09:09:06 | INFO |   Batch 5100 / 5959: loss=0.996349 cross_entropy_loss=9.833193
2026-04-27,09:09:10 | INFO |   Batch 5200 / 5959: loss=0.978014 cross_entropy_loss=9.407255
2026-04-27,09:09:14 | INFO |   Batch 5300 / 5959: loss=1.012662 cross_entropy_loss=9.672386
2026-04-27,09:09:17 | INFO |   Batch 5400 / 5959: loss=0.988532 cross_entropy_loss=9.708124
2026-04-27,09:09:21 | INFO |   Batch 5500 / 5959: loss=0.978386 cross_entropy_loss=9.556090
2026-04-27,09:09:25 | INFO |   Batch 5600 / 5959: loss=1.007272 cross_entropy_loss=9.886369
2026-04-27,09:09:28 | INFO |   Batch 5700 / 5959: loss=0.984363 cross_entropy_loss=9.853268
2026-04-27,09:09:32 | INFO |   Batch 5800 / 5959: loss=0.975193 cross_entropy_loss=9.750757
2026-04-27,09:09:36 | INFO |   Batch 5900 / 5959: loss=1.007192 cross_entropy_loss=9.709614
2026-04-27,09:09:38 | INFO | Evaluating on validation set
2026-04-27,09:09:39 | INFO |   Batch 0 / 745: loss=9.947950
2026-04-27,09:09:40 | INFO |   Batch 100 / 745: loss=10.371675
2026-04-27,09:09:40 | INFO |   Batch 200 / 745: loss=9.807105
2026-04-27,09:09:41 | INFO |   Batch 300 / 745: loss=9.718456
2026-04-27,09:09:42 | INFO |   Batch 400 / 745: loss=10.048676
2026-04-27,09:09:43 | INFO |   Batch 500 / 745: loss=10.108861
2026-04-27,09:09:44 | INFO |   Batch 600 / 745: loss=9.695489
2026-04-27,09:09:44 | INFO |   Batch 700 / 745: loss=10.006836
2026-04-27,09:09:45 | INFO | New best model found
2026-04-27,09:09:45 | INFO | Epoch 19: cross_entropy_loss=9.617807 val_loss=9.917625 val_acc=0.268433
2026-04-27,09:09:45 | INFO |   Best val_acc=0.268433
2026-04-27,09:09:46 | INFO | Saved checkpoint for epoch 19.
2026-04-27,09:09:46 | INFO | Epoch 20/20, learning_rate=0.000012
2026-04-27,09:09:46 | INFO |   Batch 0 / 5959: loss=0.979500 cross_entropy_loss=9.595538
2026-04-27,09:09:50 | INFO |   Batch 100 / 5959: loss=0.995796 cross_entropy_loss=9.469287
2026-04-27,09:09:54 | INFO |   Batch 200 / 5959: loss=0.992857 cross_entropy_loss=9.847102
2026-04-27,09:09:57 | INFO |   Batch 300 / 5959: loss=0.973463 cross_entropy_loss=9.373320
2026-04-27,09:10:01 | INFO |   Batch 400 / 5959: loss=0.971308 cross_entropy_loss=9.927957
2026-04-27,09:10:05 | INFO |   Batch 500 / 5959: loss=0.991002 cross_entropy_loss=9.607573
2026-04-27,09:10:09 | INFO |   Batch 600 / 5959: loss=0.995488 cross_entropy_loss=9.594840
2026-04-27,09:10:12 | INFO |   Batch 700 / 5959: loss=0.983197 cross_entropy_loss=9.396966
2026-04-27,09:10:16 | INFO |   Batch 800 / 5959: loss=1.006892 cross_entropy_loss=9.483078
2026-04-27,09:10:20 | INFO |   Batch 900 / 5959: loss=0.970181 cross_entropy_loss=9.275250
2026-04-27,09:10:24 | INFO |   Batch 1000 / 5959: loss=1.003019 cross_entropy_loss=9.748022
2026-04-27,09:10:27 | INFO |   Batch 1100 / 5959: loss=1.006851 cross_entropy_loss=9.714362
2026-04-27,09:10:31 | INFO |   Batch 1200 / 5959: loss=0.971866 cross_entropy_loss=9.779344
2026-04-27,09:10:35 | INFO |   Batch 1300 / 5959: loss=1.008325 cross_entropy_loss=10.022655
2026-04-27,09:10:39 | INFO |   Batch 1400 / 5959: loss=0.981345 cross_entropy_loss=9.735574
2026-04-27,09:10:42 | INFO |   Batch 1500 / 5959: loss=0.995872 cross_entropy_loss=9.303689
2026-04-27,09:10:46 | INFO |   Batch 1600 / 5959: loss=0.998667 cross_entropy_loss=9.525666
2026-04-27,09:10:50 | INFO |   Batch 1700 / 5959: loss=1.010299 cross_entropy_loss=9.487237
2026-04-27,09:10:53 | INFO |   Batch 1800 / 5959: loss=0.977829 cross_entropy_loss=9.338986
2026-04-27,09:10:57 | INFO |   Batch 1900 / 5959: loss=0.977164 cross_entropy_loss=9.633525
2026-04-27,09:11:01 | INFO |   Batch 2000 / 5959: loss=0.979204 cross_entropy_loss=9.401939
2026-04-27,09:11:05 | INFO |   Batch 2100 / 5959: loss=0.979720 cross_entropy_loss=9.358040
2026-04-27,09:11:08 | INFO |   Batch 2200 / 5959: loss=0.996418 cross_entropy_loss=9.704721
2026-04-27,09:11:12 | INFO |   Batch 2300 / 5959: loss=0.998411 cross_entropy_loss=9.367387
2026-04-27,09:11:16 | INFO |   Batch 2400 / 5959: loss=0.992945 cross_entropy_loss=9.714028
2026-04-27,09:11:20 | INFO |   Batch 2500 / 5959: loss=0.992410 cross_entropy_loss=9.797807
2026-04-27,09:11:23 | INFO |   Batch 2600 / 5959: loss=1.008268 cross_entropy_loss=9.915840
2026-04-27,09:11:27 | INFO |   Batch 2700 / 5959: loss=0.996067 cross_entropy_loss=9.541925
2026-04-27,09:11:31 | INFO |   Batch 2800 / 5959: loss=1.018378 cross_entropy_loss=9.817370
2026-04-27,09:11:35 | INFO |   Batch 2900 / 5959: loss=1.002013 cross_entropy_loss=10.087434
2026-04-27,09:11:38 | INFO |   Batch 3000 / 5959: loss=1.023199 cross_entropy_loss=9.991281
2026-04-27,09:11:42 | INFO |   Batch 3100 / 5959: loss=0.972753 cross_entropy_loss=9.424022
2026-04-27,09:11:46 | INFO |   Batch 3200 / 5959: loss=0.989449 cross_entropy_loss=9.206356
2026-04-27,09:11:50 | INFO |   Batch 3300 / 5959: loss=0.970882 cross_entropy_loss=9.557441
2026-04-27,09:11:53 | INFO |   Batch 3400 / 5959: loss=1.001907 cross_entropy_loss=9.756312
2026-04-27,09:11:57 | INFO |   Batch 3500 / 5959: loss=1.000352 cross_entropy_loss=9.561977
2026-04-27,09:12:01 | INFO |   Batch 3600 / 5959: loss=1.001955 cross_entropy_loss=9.891151
2026-04-27,09:12:05 | INFO |   Batch 3700 / 5959: loss=0.992522 cross_entropy_loss=9.407905
2026-04-27,09:12:08 | INFO |   Batch 3800 / 5959: loss=0.981323 cross_entropy_loss=9.809438
2026-04-27,09:12:12 | INFO |   Batch 3900 / 5959: loss=0.991109 cross_entropy_loss=9.395772
2026-04-27,09:12:16 | INFO |   Batch 4000 / 5959: loss=0.996684 cross_entropy_loss=9.776021
2026-04-27,09:12:20 | INFO |   Batch 4100 / 5959: loss=0.982021 cross_entropy_loss=9.361513
2026-04-27,09:12:23 | INFO |   Batch 4200 / 5959: loss=0.984125 cross_entropy_loss=9.691908
2026-04-27,09:12:27 | INFO |   Batch 4300 / 5959: loss=0.996295 cross_entropy_loss=9.202195
2026-04-27,09:12:31 | INFO |   Batch 4400 / 5959: loss=0.988306 cross_entropy_loss=9.655777
2026-04-27,09:12:35 | INFO |   Batch 4500 / 5959: loss=0.993263 cross_entropy_loss=9.505134
2026-04-27,09:12:39 | INFO |   Batch 4600 / 5959: loss=1.002948 cross_entropy_loss=9.430270
2026-04-27,09:12:42 | INFO |   Batch 4700 / 5959: loss=1.009732 cross_entropy_loss=9.495663
2026-04-27,09:12:46 | INFO |   Batch 4800 / 5959: loss=0.988576 cross_entropy_loss=9.539820
2026-04-27,09:12:50 | INFO |   Batch 4900 / 5959: loss=0.996315 cross_entropy_loss=9.527298
2026-04-27,09:12:54 | INFO |   Batch 5000 / 5959: loss=0.985046 cross_entropy_loss=9.316937
2026-04-27,09:12:57 | INFO |   Batch 5100 / 5959: loss=0.988217 cross_entropy_loss=9.540737
2026-04-27,09:13:01 | INFO |   Batch 5200 / 5959: loss=0.978254 cross_entropy_loss=9.159256
2026-04-27,09:13:05 | INFO |   Batch 5300 / 5959: loss=0.997939 cross_entropy_loss=9.212702
2026-04-27,09:13:09 | INFO |   Batch 5400 / 5959: loss=0.991951 cross_entropy_loss=9.620988
2026-04-27,09:13:12 | INFO |   Batch 5500 / 5959: loss=0.996258 cross_entropy_loss=9.626577
2026-04-27,09:13:16 | INFO |   Batch 5600 / 5959: loss=0.983822 cross_entropy_loss=9.512979
2026-04-27,09:13:20 | INFO |   Batch 5700 / 5959: loss=0.980870 cross_entropy_loss=9.615738
2026-04-27,09:13:23 | INFO |   Batch 5800 / 5959: loss=0.977944 cross_entropy_loss=9.672089
2026-04-27,09:13:27 | INFO |   Batch 5900 / 5959: loss=1.008130 cross_entropy_loss=9.767507
2026-04-27,09:13:30 | INFO | Evaluating on validation set
2026-04-27,09:13:30 | INFO |   Batch 0 / 745: loss=9.947401
2026-04-27,09:13:31 | INFO |   Batch 100 / 745: loss=10.371158
2026-04-27,09:13:32 | INFO |   Batch 200 / 745: loss=9.806523
2026-04-27,09:13:32 | INFO |   Batch 300 / 745: loss=9.717910
2026-04-27,09:13:33 | INFO |   Batch 400 / 745: loss=10.048072
2026-04-27,09:13:34 | INFO |   Batch 500 / 745: loss=10.108294
2026-04-27,09:13:35 | INFO |   Batch 600 / 745: loss=9.694915
2026-04-27,09:13:36 | INFO |   Batch 700 / 745: loss=10.006327
2026-04-27,09:13:36 | INFO | New best model found
2026-04-27,09:13:36 | INFO | Epoch 20: cross_entropy_loss=9.615594 val_loss=9.917062 val_acc=0.268465
2026-04-27,09:13:36 | INFO |   Best val_acc=0.268465
2026-04-27,09:13:37 | INFO | Saved checkpoint for epoch 20.
