2026-04-27,07:55:10 | INFO | Set random seed to 2026
2026-04-27,07:55:27 | INFO | Epoch 1/20, learning_rate=0.002000
2026-04-27,07:55:28 | INFO |   Batch 0 / 5959: loss=1.000000 cross_entropy_loss=12.000998
2026-04-27,07:55:31 | INFO |   Batch 100 / 5959: loss=1.000000 cross_entropy_loss=11.988171
2026-04-27,07:55:35 | INFO |   Batch 200 / 5959: loss=1.000000 cross_entropy_loss=11.977242
2026-04-27,07:55:39 | INFO |   Batch 300 / 5959: loss=1.000000 cross_entropy_loss=11.961397
2026-04-27,07:55:42 | INFO |   Batch 400 / 5959: loss=1.000000 cross_entropy_loss=11.918017
2026-04-27,07:55:46 | INFO |   Batch 500 / 5959: loss=1.000000 cross_entropy_loss=11.939139
2026-04-27,07:55:50 | INFO |   Batch 600 / 5959: loss=1.000000 cross_entropy_loss=11.905462
2026-04-27,07:55:53 | INFO |   Batch 700 / 5959: loss=1.000000 cross_entropy_loss=11.896052
2026-04-27,07:55:57 | INFO |   Batch 800 / 5959: loss=1.000000 cross_entropy_loss=11.842642
2026-04-27,07:56:01 | INFO |   Batch 900 / 5959: loss=1.000000 cross_entropy_loss=11.869287
2026-04-27,07:56:04 | INFO |   Batch 1000 / 5959: loss=1.000000 cross_entropy_loss=11.811232
2026-04-27,07:56:08 | INFO |   Batch 1100 / 5959: loss=1.000000 cross_entropy_loss=11.803050
2026-04-27,07:56:12 | INFO |   Batch 1200 / 5959: loss=1.000000 cross_entropy_loss=11.809668
2026-04-27,07:56:15 | INFO |   Batch 1300 / 5959: loss=1.000000 cross_entropy_loss=11.800208
2026-04-27,07:56:19 | INFO |   Batch 1400 / 5959: loss=1.000000 cross_entropy_loss=11.733742
2026-04-27,07:56:23 | INFO |   Batch 1500 / 5959: loss=1.000000 cross_entropy_loss=11.759226
2026-04-27,07:56:27 | INFO |   Batch 1600 / 5959: loss=1.000000 cross_entropy_loss=11.750786
2026-04-27,07:56:30 | INFO |   Batch 1700 / 5959: loss=1.000000 cross_entropy_loss=11.679756
2026-04-27,07:56:34 | INFO |   Batch 1800 / 5959: loss=1.000000 cross_entropy_loss=11.741874
2026-04-27,07:56:37 | INFO |   Batch 1900 / 5959: loss=1.000000 cross_entropy_loss=11.682907
2026-04-27,07:56:41 | INFO |   Batch 2000 / 5959: loss=1.000000 cross_entropy_loss=11.665937
2026-04-27,07:56:45 | INFO |   Batch 2100 / 5959: loss=1.000000 cross_entropy_loss=11.670231
2026-04-27,07:56:48 | INFO |   Batch 2200 / 5959: loss=1.000000 cross_entropy_loss=11.728771
2026-04-27,07:56:52 | INFO |   Batch 2300 / 5959: loss=1.000000 cross_entropy_loss=11.584601
2026-04-27,07:56:56 | INFO |   Batch 2400 / 5959: loss=1.000000 cross_entropy_loss=11.662537
2026-04-27,07:56:59 | INFO |   Batch 2500 / 5959: loss=1.000000 cross_entropy_loss=11.571383
2026-04-27,07:57:03 | INFO |   Batch 2600 / 5959: loss=1.000000 cross_entropy_loss=11.558510
2026-04-27,07:57:07 | INFO |   Batch 2700 / 5959: loss=1.000000 cross_entropy_loss=11.506686
2026-04-27,07:57:10 | INFO |   Batch 2800 / 5959: loss=1.000000 cross_entropy_loss=11.410068
2026-04-27,07:57:14 | INFO |   Batch 2900 / 5959: loss=1.000000 cross_entropy_loss=11.762457
2026-04-27,07:57:18 | INFO |   Batch 3000 / 5959: loss=1.000000 cross_entropy_loss=11.653914
2026-04-27,07:57:21 | INFO |   Batch 3100 / 5959: loss=1.000000 cross_entropy_loss=11.517895
2026-04-27,07:57:25 | INFO |   Batch 3200 / 5959: loss=1.000000 cross_entropy_loss=11.552458
2026-04-27,07:57:29 | INFO |   Batch 3300 / 5959: loss=1.000000 cross_entropy_loss=11.518113
2026-04-27,07:57:32 | INFO |   Batch 3400 / 5959: loss=1.000000 cross_entropy_loss=11.468554
2026-04-27,07:57:36 | INFO |   Batch 3500 / 5959: loss=1.000000 cross_entropy_loss=11.632334
2026-04-27,07:57:40 | INFO |   Batch 3600 / 5959: loss=1.000000 cross_entropy_loss=11.391211
2026-04-27,07:57:44 | INFO |   Batch 3700 / 5959: loss=1.000000 cross_entropy_loss=11.447201
2026-04-27,07:57:47 | INFO |   Batch 3800 / 5959: loss=1.000000 cross_entropy_loss=11.348358
2026-04-27,07:57:51 | INFO |   Batch 3900 / 5959: loss=1.000000 cross_entropy_loss=11.123825
2026-04-27,07:57:55 | INFO |   Batch 4000 / 5959: loss=1.000000 cross_entropy_loss=11.279329
2026-04-27,07:57:58 | INFO |   Batch 4100 / 5959: loss=1.000000 cross_entropy_loss=11.483171
2026-04-27,07:58:02 | INFO |   Batch 4200 / 5959: loss=1.000000 cross_entropy_loss=11.584783
2026-04-27,07:58:05 | INFO |   Batch 4300 / 5959: loss=1.000000 cross_entropy_loss=11.488721
2026-04-27,07:58:09 | INFO |   Batch 4400 / 5959: loss=1.000000 cross_entropy_loss=11.459028
2026-04-27,07:58:13 | INFO |   Batch 4500 / 5959: loss=1.000000 cross_entropy_loss=11.310901
2026-04-27,07:58:16 | INFO |   Batch 4600 / 5959: loss=1.000000 cross_entropy_loss=11.587867
2026-04-27,07:58:20 | INFO |   Batch 4700 / 5959: loss=1.000000 cross_entropy_loss=11.692026
2026-04-27,07:58:24 | INFO |   Batch 4800 / 5959: loss=1.000000 cross_entropy_loss=11.379959
2026-04-27,07:58:27 | INFO |   Batch 4900 / 5959: loss=1.000000 cross_entropy_loss=11.229321
2026-04-27,07:58:31 | INFO |   Batch 5000 / 5959: loss=1.000000 cross_entropy_loss=11.298701
2026-04-27,07:58:35 | INFO |   Batch 5100 / 5959: loss=1.000000 cross_entropy_loss=11.459657
2026-04-27,07:58:38 | INFO |   Batch 5200 / 5959: loss=1.000000 cross_entropy_loss=11.434467
2026-04-27,07:58:42 | INFO |   Batch 5300 / 5959: loss=1.000000 cross_entropy_loss=11.343882
2026-04-27,07:58:46 | INFO |   Batch 5400 / 5959: loss=1.000000 cross_entropy_loss=11.097386
2026-04-27,07:58:49 | INFO |   Batch 5500 / 5959: loss=1.000000 cross_entropy_loss=11.443925
2026-04-27,07:58:53 | INFO |   Batch 5600 / 5959: loss=1.000000 cross_entropy_loss=11.249867
2026-04-27,07:58:57 | INFO |   Batch 5700 / 5959: loss=1.000000 cross_entropy_loss=11.389871
2026-04-27,07:59:00 | INFO |   Batch 5800 / 5959: loss=1.000000 cross_entropy_loss=11.309175
2026-04-27,07:59:04 | INFO |   Batch 5900 / 5959: loss=1.000000 cross_entropy_loss=11.246868
2026-04-27,07:59:06 | INFO | Evaluating on validation set
2026-04-27,07:59:07 | INFO |   Batch 0 / 745: loss=11.283878
2026-04-27,07:59:08 | INFO |   Batch 100 / 745: loss=11.530633
2026-04-27,07:59:08 | INFO |   Batch 200 / 745: loss=11.240550
2026-04-27,07:59:09 | INFO |   Batch 300 / 745: loss=11.144790
2026-04-27,07:59:10 | INFO |   Batch 400 / 745: loss=11.377364
2026-04-27,07:59:11 | INFO |   Batch 500 / 745: loss=11.414784
2026-04-27,07:59:12 | INFO |   Batch 600 / 745: loss=11.166828
2026-04-27,07:59:12 | INFO |   Batch 700 / 745: loss=11.284804
2026-04-27,07:59:13 | INFO | New best model found
2026-04-27,07:59:13 | INFO | Epoch 1: cross_entropy_loss=11.573647 val_loss=11.276416 val_acc=0.134217
2026-04-27,07:59:13 | INFO |   Best val_acc=0.134217
2026-04-27,07:59:14 | INFO | Saved checkpoint for epoch 1.
2026-04-27,07:59:14 | INFO | Epoch 2/20, learning_rate=0.001988
2026-04-27,07:59:14 | INFO |   Batch 0 / 5959: loss=0.900058 cross_entropy_loss=10.977853
2026-04-27,07:59:18 | INFO |   Batch 100 / 5959: loss=0.928854 cross_entropy_loss=11.141276
2026-04-27,07:59:22 | INFO |   Batch 200 / 5959: loss=0.916000 cross_entropy_loss=11.202915
2026-04-27,07:59:25 | INFO |   Batch 300 / 5959: loss=0.902964 cross_entropy_loss=11.031697
2026-04-27,07:59:29 | INFO |   Batch 400 / 5959: loss=0.875221 cross_entropy_loss=10.926195
2026-04-27,07:59:33 | INFO |   Batch 500 / 5959: loss=0.926504 cross_entropy_loss=11.344028
2026-04-27,07:59:36 | INFO |   Batch 600 / 5959: loss=0.899594 cross_entropy_loss=11.173470
2026-04-27,07:59:40 | INFO |   Batch 700 / 5959: loss=0.940890 cross_entropy_loss=11.431828
2026-04-27,07:59:44 | INFO |   Batch 800 / 5959: loss=0.912976 cross_entropy_loss=11.225438
2026-04-27,07:59:47 | INFO |   Batch 900 / 5959: loss=0.922765 cross_entropy_loss=11.374997
2026-04-27,07:59:51 | INFO |   Batch 1000 / 5959: loss=0.915750 cross_entropy_loss=11.227804
2026-04-27,07:59:55 | INFO |   Batch 1100 / 5959: loss=0.902786 cross_entropy_loss=11.179747
2026-04-27,07:59:58 | INFO |   Batch 1200 / 5959: loss=0.916148 cross_entropy_loss=11.145827
2026-04-27,08:00:02 | INFO |   Batch 1300 / 5959: loss=0.898192 cross_entropy_loss=11.280315
2026-04-27,08:00:06 | INFO |   Batch 1400 / 5959: loss=0.916555 cross_entropy_loss=11.421677
2026-04-27,08:00:09 | INFO |   Batch 1500 / 5959: loss=0.910106 cross_entropy_loss=11.232485
2026-04-27,08:00:13 | INFO |   Batch 1600 / 5959: loss=0.869004 cross_entropy_loss=11.195216
2026-04-27,08:00:17 | INFO |   Batch 1700 / 5959: loss=0.926553 cross_entropy_loss=11.457136
2026-04-27,08:00:20 | INFO |   Batch 1800 / 5959: loss=0.907423 cross_entropy_loss=11.186044
2026-04-27,08:00:24 | INFO |   Batch 1900 / 5959: loss=0.841548 cross_entropy_loss=10.833929
2026-04-27,08:00:28 | INFO |   Batch 2000 / 5959: loss=0.874160 cross_entropy_loss=11.110082
2026-04-27,08:00:32 | INFO |   Batch 2100 / 5959: loss=0.902845 cross_entropy_loss=11.117961
2026-04-27,08:00:35 | INFO |   Batch 2200 / 5959: loss=0.906602 cross_entropy_loss=11.421760
2026-04-27,08:00:39 | INFO |   Batch 2300 / 5959: loss=0.901080 cross_entropy_loss=11.184485
2026-04-27,08:00:43 | INFO |   Batch 2400 / 5959: loss=0.881035 cross_entropy_loss=11.001646
2026-04-27,08:00:46 | INFO |   Batch 2500 / 5959: loss=0.902200 cross_entropy_loss=11.373403
2026-04-27,08:00:50 | INFO |   Batch 2600 / 5959: loss=0.899155 cross_entropy_loss=11.218548
2026-04-27,08:00:54 | INFO |   Batch 2700 / 5959: loss=0.906113 cross_entropy_loss=11.307078
2026-04-27,08:00:57 | INFO |   Batch 2800 / 5959: loss=0.898680 cross_entropy_loss=11.215255
2026-04-27,08:01:01 | INFO |   Batch 2900 / 5959: loss=0.917052 cross_entropy_loss=11.358674
2026-04-27,08:01:04 | INFO |   Batch 3000 / 5959: loss=0.895539 cross_entropy_loss=11.355862
2026-04-27,08:01:08 | INFO |   Batch 3100 / 5959: loss=0.858889 cross_entropy_loss=10.968802
2026-04-27,08:01:12 | INFO |   Batch 3200 / 5959: loss=0.862509 cross_entropy_loss=10.995646
2026-04-27,08:01:15 | INFO |   Batch 3300 / 5959: loss=0.897776 cross_entropy_loss=11.173594
2026-04-27,08:01:19 | INFO |   Batch 3400 / 5959: loss=0.886753 cross_entropy_loss=11.184834
2026-04-27,08:01:23 | INFO |   Batch 3500 / 5959: loss=0.900521 cross_entropy_loss=11.207888
2026-04-27,08:01:27 | INFO |   Batch 3600 / 5959: loss=0.888955 cross_entropy_loss=11.098245
2026-04-27,08:01:30 | INFO |   Batch 3700 / 5959: loss=0.893258 cross_entropy_loss=11.064749
2026-04-27,08:01:34 | INFO |   Batch 3800 / 5959: loss=0.865101 cross_entropy_loss=10.982421
2026-04-27,08:01:38 | INFO |   Batch 3900 / 5959: loss=0.856921 cross_entropy_loss=11.135311
2026-04-27,08:01:41 | INFO |   Batch 4000 / 5959: loss=0.865716 cross_entropy_loss=11.111200
2026-04-27,08:01:45 | INFO |   Batch 4100 / 5959: loss=0.889084 cross_entropy_loss=11.330101
2026-04-27,08:01:49 | INFO |   Batch 4200 / 5959: loss=0.874238 cross_entropy_loss=11.052053
2026-04-27,08:01:52 | INFO |   Batch 4300 / 5959: loss=0.872952 cross_entropy_loss=11.099961
2026-04-27,08:01:56 | INFO |   Batch 4400 / 5959: loss=0.848639 cross_entropy_loss=11.020288
2026-04-27,08:02:00 | INFO |   Batch 4500 / 5959: loss=0.875602 cross_entropy_loss=11.139964
2026-04-27,08:02:03 | INFO |   Batch 4600 / 5959: loss=0.877309 cross_entropy_loss=10.912639
2026-04-27,08:02:07 | INFO |   Batch 4700 / 5959: loss=0.868264 cross_entropy_loss=11.165539
2026-04-27,08:02:11 | INFO |   Batch 4800 / 5959: loss=0.854326 cross_entropy_loss=10.962491
2026-04-27,08:02:14 | INFO |   Batch 4900 / 5959: loss=0.893506 cross_entropy_loss=11.394657
2026-04-27,08:02:18 | INFO |   Batch 5000 / 5959: loss=0.857767 cross_entropy_loss=11.250841
2026-04-27,08:02:22 | INFO |   Batch 5100 / 5959: loss=0.855541 cross_entropy_loss=11.077522
2026-04-27,08:02:25 | INFO |   Batch 5200 / 5959: loss=0.841030 cross_entropy_loss=10.955183
2026-04-27,08:02:29 | INFO |   Batch 5300 / 5959: loss=0.847764 cross_entropy_loss=11.061559
2026-04-27,08:02:33 | INFO |   Batch 5400 / 5959: loss=0.841925 cross_entropy_loss=10.865438
2026-04-27,08:02:36 | INFO |   Batch 5500 / 5959: loss=0.864199 cross_entropy_loss=11.164637
2026-04-27,08:02:40 | INFO |   Batch 5600 / 5959: loss=0.840727 cross_entropy_loss=10.837968
2026-04-27,08:02:44 | INFO |   Batch 5700 / 5959: loss=0.863642 cross_entropy_loss=11.075806
2026-04-27,08:02:47 | INFO |   Batch 5800 / 5959: loss=0.873543 cross_entropy_loss=11.153478
2026-04-27,08:02:51 | INFO |   Batch 5900 / 5959: loss=0.869101 cross_entropy_loss=11.100079
2026-04-27,08:02:53 | INFO | Evaluating on validation set
2026-04-27,08:02:54 | INFO |   Batch 0 / 745: loss=11.103804
2026-04-27,08:02:54 | INFO |   Batch 100 / 745: loss=11.377571
2026-04-27,08:02:55 | INFO |   Batch 200 / 745: loss=11.038568
2026-04-27,08:02:56 | INFO |   Batch 300 / 745: loss=10.943818
2026-04-27,08:02:57 | INFO |   Batch 400 / 745: loss=11.199894
2026-04-27,08:02:58 | INFO |   Batch 500 / 745: loss=11.241904
2026-04-27,08:02:58 | INFO |   Batch 600 / 745: loss=10.965020
2026-04-27,08:02:59 | INFO |   Batch 700 / 745: loss=11.115445
2026-04-27,08:03:00 | INFO | New best model found
2026-04-27,08:03:00 | INFO | Epoch 2: cross_entropy_loss=11.162923 val_loss=11.091052 val_acc=0.140521
2026-04-27,08:03:00 | INFO |   Best val_acc=0.140521
2026-04-27,08:03:01 | INFO | Saved checkpoint for epoch 2.
2026-04-27,08:03:01 | INFO | Epoch 3/20, learning_rate=0.001951
2026-04-27,08:03:01 | INFO |   Batch 0 / 5959: loss=0.908365 cross_entropy_loss=11.105767
2026-04-27,08:03:05 | INFO |   Batch 100 / 5959: loss=0.900437 cross_entropy_loss=11.246577
2026-04-27,08:03:09 | INFO |   Batch 200 / 5959: loss=0.887482 cross_entropy_loss=11.177526
2026-04-27,08:03:12 | INFO |   Batch 300 / 5959: loss=0.906481 cross_entropy_loss=11.355584
2026-04-27,08:03:16 | INFO |   Batch 400 / 5959: loss=0.891630 cross_entropy_loss=11.013067
2026-04-27,08:03:20 | INFO |   Batch 500 / 5959: loss=0.886943 cross_entropy_loss=10.980242
2026-04-27,08:03:23 | INFO |   Batch 600 / 5959: loss=0.872020 cross_entropy_loss=10.893669
2026-04-27,08:03:27 | INFO |   Batch 700 / 5959: loss=0.863807 cross_entropy_loss=10.966109
2026-04-27,08:03:31 | INFO |   Batch 800 / 5959: loss=0.897823 cross_entropy_loss=11.302924
2026-04-27,08:03:34 | INFO |   Batch 900 / 5959: loss=0.888413 cross_entropy_loss=10.953109
2026-04-27,08:03:38 | INFO |   Batch 1000 / 5959: loss=0.845721 cross_entropy_loss=10.774079
2026-04-27,08:03:42 | INFO |   Batch 1100 / 5959: loss=0.869691 cross_entropy_loss=10.953506
2026-04-27,08:03:45 | INFO |   Batch 1200 / 5959: loss=0.879102 cross_entropy_loss=11.007310
2026-04-27,08:03:49 | INFO |   Batch 1300 / 5959: loss=0.871830 cross_entropy_loss=10.973102
2026-04-27,08:03:53 | INFO |   Batch 1400 / 5959: loss=0.892690 cross_entropy_loss=11.133253
2026-04-27,08:03:56 | INFO |   Batch 1500 / 5959: loss=0.871659 cross_entropy_loss=10.982520
2026-04-27,08:04:00 | INFO |   Batch 1600 / 5959: loss=0.859184 cross_entropy_loss=11.013236
2026-04-27,08:04:04 | INFO |   Batch 1700 / 5959: loss=0.887996 cross_entropy_loss=11.053587
2026-04-27,08:04:07 | INFO |   Batch 1800 / 5959: loss=0.850965 cross_entropy_loss=10.986534
2026-04-27,08:04:11 | INFO |   Batch 1900 / 5959: loss=0.845511 cross_entropy_loss=10.744298
2026-04-27,08:04:15 | INFO |   Batch 2000 / 5959: loss=0.868162 cross_entropy_loss=10.967236
2026-04-27,08:04:18 | INFO |   Batch 2100 / 5959: loss=0.848637 cross_entropy_loss=10.923298
2026-04-27,08:04:22 | INFO |   Batch 2200 / 5959: loss=0.873208 cross_entropy_loss=10.767250
2026-04-27,08:04:26 | INFO |   Batch 2300 / 5959: loss=0.864760 cross_entropy_loss=11.128542
2026-04-27,08:04:29 | INFO |   Batch 2400 / 5959: loss=0.839737 cross_entropy_loss=10.608646
2026-04-27,08:04:33 | INFO |   Batch 2500 / 5959: loss=0.848605 cross_entropy_loss=10.971001
2026-04-27,08:04:37 | INFO |   Batch 2600 / 5959: loss=0.858435 cross_entropy_loss=11.054462
2026-04-27,08:04:41 | INFO |   Batch 2700 / 5959: loss=0.857814 cross_entropy_loss=10.857387
2026-04-27,08:04:44 | INFO |   Batch 2800 / 5959: loss=0.846058 cross_entropy_loss=10.780964
2026-04-27,08:04:48 | INFO |   Batch 2900 / 5959: loss=0.830904 cross_entropy_loss=10.643281
2026-04-27,08:04:52 | INFO |   Batch 3000 / 5959: loss=0.861183 cross_entropy_loss=10.883000
2026-04-27,08:04:55 | INFO |   Batch 3100 / 5959: loss=0.861705 cross_entropy_loss=10.946260
2026-04-27,08:04:59 | INFO |   Batch 3200 / 5959: loss=0.879846 cross_entropy_loss=11.154867
2026-04-27,08:05:03 | INFO |   Batch 3300 / 5959: loss=0.853994 cross_entropy_loss=10.806988
2026-04-27,08:05:06 | INFO |   Batch 3400 / 5959: loss=0.850990 cross_entropy_loss=10.938780
2026-04-27,08:05:10 | INFO |   Batch 3500 / 5959: loss=0.855819 cross_entropy_loss=10.832816
2026-04-27,08:05:14 | INFO |   Batch 3600 / 5959: loss=0.856283 cross_entropy_loss=11.040514
2026-04-27,08:05:17 | INFO |   Batch 3700 / 5959: loss=0.859448 cross_entropy_loss=11.048271
2026-04-27,08:05:21 | INFO |   Batch 3800 / 5959: loss=0.848231 cross_entropy_loss=11.020844
2026-04-27,08:05:25 | INFO |   Batch 3900 / 5959: loss=0.829042 cross_entropy_loss=10.874713
2026-04-27,08:05:28 | INFO |   Batch 4000 / 5959: loss=0.834622 cross_entropy_loss=11.018318
2026-04-27,08:05:32 | INFO |   Batch 4100 / 5959: loss=0.843426 cross_entropy_loss=11.078719
2026-04-27,08:05:36 | INFO |   Batch 4200 / 5959: loss=0.842705 cross_entropy_loss=10.991605
2026-04-27,08:05:39 | INFO |   Batch 4300 / 5959: loss=0.837890 cross_entropy_loss=11.038165
2026-04-27,08:05:43 | INFO |   Batch 4400 / 5959: loss=0.861292 cross_entropy_loss=10.941977
2026-04-27,08:05:47 | INFO |   Batch 4500 / 5959: loss=0.844542 cross_entropy_loss=10.874656
2026-04-27,08:05:50 | INFO |   Batch 4600 / 5959: loss=0.848689 cross_entropy_loss=11.144244
2026-04-27,08:05:54 | INFO |   Batch 4700 / 5959: loss=0.845136 cross_entropy_loss=10.953506
2026-04-27,08:05:58 | INFO |   Batch 4800 / 5959: loss=0.858364 cross_entropy_loss=10.992164
2026-04-27,08:06:01 | INFO |   Batch 4900 / 5959: loss=0.845650 cross_entropy_loss=10.861020
2026-04-27,08:06:05 | INFO |   Batch 5000 / 5959: loss=0.839190 cross_entropy_loss=10.778805
2026-04-27,08:06:09 | INFO |   Batch 5100 / 5959: loss=0.853925 cross_entropy_loss=11.022798
2026-04-27,08:06:12 | INFO |   Batch 5200 / 5959: loss=0.846002 cross_entropy_loss=10.949301
2026-04-27,08:06:16 | INFO |   Batch 5300 / 5959: loss=0.844748 cross_entropy_loss=10.880089
2026-04-27,08:06:20 | INFO |   Batch 5400 / 5959: loss=0.802048 cross_entropy_loss=10.591103
2026-04-27,08:06:23 | INFO |   Batch 5500 / 5959: loss=0.819915 cross_entropy_loss=10.521521
2026-04-27,08:06:27 | INFO |   Batch 5600 / 5959: loss=0.818213 cross_entropy_loss=10.633487
2026-04-27,08:06:31 | INFO |   Batch 5700 / 5959: loss=0.826401 cross_entropy_loss=10.899783
2026-04-27,08:06:34 | INFO |   Batch 5800 / 5959: loss=0.832868 cross_entropy_loss=10.900434
2026-04-27,08:06:38 | INFO |   Batch 5900 / 5959: loss=0.838625 cross_entropy_loss=11.046059
2026-04-27,08:06:41 | INFO | Evaluating on validation set
2026-04-27,08:06:41 | INFO |   Batch 0 / 745: loss=10.932117
2026-04-27,08:06:42 | INFO |   Batch 100 / 745: loss=11.229317
2026-04-27,08:06:43 | INFO |   Batch 200 / 745: loss=10.850221
2026-04-27,08:06:43 | INFO |   Batch 300 / 745: loss=10.753851
2026-04-27,08:06:44 | INFO |   Batch 400 / 745: loss=11.033933
2026-04-27,08:06:45 | INFO |   Batch 500 / 745: loss=11.075985
2026-04-27,08:06:46 | INFO |   Batch 600 / 745: loss=10.776215
2026-04-27,08:06:47 | INFO |   Batch 700 / 745: loss=10.949236
2026-04-27,08:06:47 | INFO | New best model found
2026-04-27,08:06:47 | INFO | Epoch 3: cross_entropy_loss=10.955462 val_loss=10.915247 val_acc=0.152951
2026-04-27,08:06:47 | INFO |   Best val_acc=0.152951
2026-04-27,08:06:48 | INFO | Saved checkpoint for epoch 3.
2026-04-27,08:06:48 | INFO | Epoch 4/20, learning_rate=0.001891
2026-04-27,08:06:48 | INFO |   Batch 0 / 5959: loss=0.874826 cross_entropy_loss=10.715071
2026-04-27,08:06:52 | INFO |   Batch 100 / 5959: loss=0.850258 cross_entropy_loss=10.764551
2026-04-27,08:06:56 | INFO |   Batch 200 / 5959: loss=0.883811 cross_entropy_loss=10.854256
2026-04-27,08:06:59 | INFO |   Batch 300 / 5959: loss=0.901457 cross_entropy_loss=11.073797
2026-04-27,08:07:03 | INFO |   Batch 400 / 5959: loss=0.899230 cross_entropy_loss=11.130026
2026-04-27,08:07:07 | INFO |   Batch 500 / 5959: loss=0.866842 cross_entropy_loss=10.877350
2026-04-27,08:07:10 | INFO |   Batch 600 / 5959: loss=0.864795 cross_entropy_loss=10.630269
2026-04-27,08:07:14 | INFO |   Batch 700 / 5959: loss=0.851942 cross_entropy_loss=10.794393
2026-04-27,08:07:18 | INFO |   Batch 800 / 5959: loss=0.858817 cross_entropy_loss=10.492880
2026-04-27,08:07:21 | INFO |   Batch 900 / 5959: loss=0.855108 cross_entropy_loss=10.940913
2026-04-27,08:07:25 | INFO |   Batch 1000 / 5959: loss=0.877238 cross_entropy_loss=11.136765
2026-04-27,08:07:29 | INFO |   Batch 1100 / 5959: loss=0.874454 cross_entropy_loss=10.870846
2026-04-27,08:07:33 | INFO |   Batch 1200 / 5959: loss=0.884993 cross_entropy_loss=10.896097
2026-04-27,08:07:36 | INFO |   Batch 1300 / 5959: loss=0.868337 cross_entropy_loss=10.967263
2026-04-27,08:07:40 | INFO |   Batch 1400 / 5959: loss=0.831646 cross_entropy_loss=10.647696
2026-04-27,08:07:44 | INFO |   Batch 1500 / 5959: loss=0.859975 cross_entropy_loss=10.794986
2026-04-27,08:07:47 | INFO |   Batch 1600 / 5959: loss=0.880817 cross_entropy_loss=10.982850
2026-04-27,08:07:51 | INFO |   Batch 1700 / 5959: loss=0.871878 cross_entropy_loss=11.052169
2026-04-27,08:07:55 | INFO |   Batch 1800 / 5959: loss=0.889491 cross_entropy_loss=10.984310
2026-04-27,08:07:58 | INFO |   Batch 1900 / 5959: loss=0.865811 cross_entropy_loss=10.902212
2026-04-27,08:08:02 | INFO |   Batch 2000 / 5959: loss=0.849759 cross_entropy_loss=11.017538
2026-04-27,08:08:06 | INFO |   Batch 2100 / 5959: loss=0.865968 cross_entropy_loss=10.922217
2026-04-27,08:08:10 | INFO |   Batch 2200 / 5959: loss=0.861802 cross_entropy_loss=10.789355
2026-04-27,08:08:13 | INFO |   Batch 2300 / 5959: loss=0.854461 cross_entropy_loss=10.530274
2026-04-27,08:08:17 | INFO |   Batch 2400 / 5959: loss=0.858909 cross_entropy_loss=10.810020
2026-04-27,08:08:21 | INFO |   Batch 2500 / 5959: loss=0.839807 cross_entropy_loss=10.595894
2026-04-27,08:08:24 | INFO |   Batch 2600 / 5959: loss=0.833174 cross_entropy_loss=10.432739
2026-04-27,08:08:28 | INFO |   Batch 2700 / 5959: loss=0.854446 cross_entropy_loss=10.941022
2026-04-27,08:08:32 | INFO |   Batch 2800 / 5959: loss=0.833263 cross_entropy_loss=10.402900
2026-04-27,08:08:35 | INFO |   Batch 2900 / 5959: loss=0.879905 cross_entropy_loss=10.767520
2026-04-27,08:08:39 | INFO |   Batch 3000 / 5959: loss=0.846942 cross_entropy_loss=10.617146
2026-04-27,08:08:43 | INFO |   Batch 3100 / 5959: loss=0.826497 cross_entropy_loss=10.515331
2026-04-27,08:08:46 | INFO |   Batch 3200 / 5959: loss=0.848350 cross_entropy_loss=10.632335
2026-04-27,08:08:50 | INFO |   Batch 3300 / 5959: loss=0.864560 cross_entropy_loss=10.996195
2026-04-27,08:08:54 | INFO |   Batch 3400 / 5959: loss=0.838273 cross_entropy_loss=10.735452
2026-04-27,08:08:57 | INFO |   Batch 3500 / 5959: loss=0.862782 cross_entropy_loss=10.855659
2026-04-27,08:09:01 | INFO |   Batch 3600 / 5959: loss=0.843103 cross_entropy_loss=10.649425
2026-04-27,08:09:05 | INFO |   Batch 3700 / 5959: loss=0.842861 cross_entropy_loss=10.814920
2026-04-27,08:09:09 | INFO |   Batch 3800 / 5959: loss=0.852530 cross_entropy_loss=10.946928
2026-04-27,08:09:12 | INFO |   Batch 3900 / 5959: loss=0.829636 cross_entropy_loss=10.754853
2026-04-27,08:09:16 | INFO |   Batch 4000 / 5959: loss=0.820922 cross_entropy_loss=10.638989
2026-04-27,08:09:20 | INFO |   Batch 4100 / 5959: loss=0.855319 cross_entropy_loss=11.083174
2026-04-27,08:09:23 | INFO |   Batch 4200 / 5959: loss=0.819358 cross_entropy_loss=10.318863
2026-04-27,08:09:27 | INFO |   Batch 4300 / 5959: loss=0.861554 cross_entropy_loss=10.975462
2026-04-27,08:09:31 | INFO |   Batch 4400 / 5959: loss=0.840377 cross_entropy_loss=10.711978
2026-04-27,08:09:34 | INFO |   Batch 4500 / 5959: loss=0.852779 cross_entropy_loss=10.928137
2026-04-27,08:09:38 | INFO |   Batch 4600 / 5959: loss=0.825337 cross_entropy_loss=10.581866
2026-04-27,08:09:42 | INFO |   Batch 4700 / 5959: loss=0.824127 cross_entropy_loss=10.660962
2026-04-27,08:09:46 | INFO |   Batch 4800 / 5959: loss=0.821641 cross_entropy_loss=10.346575
2026-04-27,08:09:50 | INFO |   Batch 4900 / 5959: loss=0.852156 cross_entropy_loss=10.681374
2026-04-27,08:09:53 | INFO |   Batch 5000 / 5959: loss=0.834022 cross_entropy_loss=10.789111
2026-04-27,08:09:57 | INFO |   Batch 5100 / 5959: loss=0.831884 cross_entropy_loss=10.723869
2026-04-27,08:10:01 | INFO |   Batch 5200 / 5959: loss=0.807690 cross_entropy_loss=10.515855
2026-04-27,08:10:05 | INFO |   Batch 5300 / 5959: loss=0.834388 cross_entropy_loss=10.525562
2026-04-27,08:10:08 | INFO |   Batch 5400 / 5959: loss=0.810239 cross_entropy_loss=10.403631
2026-04-27,08:10:12 | INFO |   Batch 5500 / 5959: loss=0.842445 cross_entropy_loss=10.771357
2026-04-27,08:10:16 | INFO |   Batch 5600 / 5959: loss=0.816328 cross_entropy_loss=10.411083
2026-04-27,08:10:20 | INFO |   Batch 5700 / 5959: loss=0.839740 cross_entropy_loss=10.885084
2026-04-27,08:10:24 | INFO |   Batch 5800 / 5959: loss=0.821402 cross_entropy_loss=10.529521
2026-04-27,08:10:27 | INFO |   Batch 5900 / 5959: loss=0.808309 cross_entropy_loss=10.707685
2026-04-27,08:10:30 | INFO | Evaluating on validation set
2026-04-27,08:10:31 | INFO |   Batch 0 / 745: loss=10.779156
2026-04-27,08:10:32 | INFO |   Batch 100 / 745: loss=11.096738
2026-04-27,08:10:32 | INFO |   Batch 200 / 745: loss=10.682521
2026-04-27,08:10:33 | INFO |   Batch 300 / 745: loss=10.587409
2026-04-27,08:10:34 | INFO |   Batch 400 / 745: loss=10.884803
2026-04-27,08:10:35 | INFO |   Batch 500 / 745: loss=10.926898
2026-04-27,08:10:36 | INFO |   Batch 600 / 745: loss=10.606350
2026-04-27,08:10:36 | INFO |   Batch 700 / 745: loss=10.801023
2026-04-27,08:10:37 | INFO | New best model found
2026-04-27,08:10:37 | INFO | Epoch 4: cross_entropy_loss=10.763012 val_loss=10.758783 val_acc=0.170868
2026-04-27,08:10:37 | INFO |   Best val_acc=0.170868
2026-04-27,08:10:38 | INFO | Saved checkpoint for epoch 4.
2026-04-27,08:10:38 | INFO | Epoch 5/20, learning_rate=0.001809
2026-04-27,08:10:39 | INFO |   Batch 0 / 5959: loss=0.860873 cross_entropy_loss=10.634706
2026-04-27,08:10:43 | INFO |   Batch 100 / 5959: loss=0.884538 cross_entropy_loss=10.844961
2026-04-27,08:10:46 | INFO |   Batch 200 / 5959: loss=0.880359 cross_entropy_loss=10.710478
2026-04-27,08:10:50 | INFO |   Batch 300 / 5959: loss=0.894475 cross_entropy_loss=10.836155
2026-04-27,08:10:54 | INFO |   Batch 400 / 5959: loss=0.870161 cross_entropy_loss=10.514073
2026-04-27,08:10:57 | INFO |   Batch 500 / 5959: loss=0.861769 cross_entropy_loss=10.566709
2026-04-27,08:11:01 | INFO |   Batch 600 / 5959: loss=0.881559 cross_entropy_loss=10.817900
2026-04-27,08:11:05 | INFO |   Batch 700 / 5959: loss=0.879345 cross_entropy_loss=10.464681
2026-04-27,08:11:08 | INFO |   Batch 800 / 5959: loss=0.869993 cross_entropy_loss=10.591025
2026-04-27,08:11:12 | INFO |   Batch 900 / 5959: loss=0.856227 cross_entropy_loss=10.374615
2026-04-27,08:11:16 | INFO |   Batch 1000 / 5959: loss=0.872553 cross_entropy_loss=10.750962
2026-04-27,08:11:20 | INFO |   Batch 1100 / 5959: loss=0.894304 cross_entropy_loss=10.753126
2026-04-27,08:11:23 | INFO |   Batch 1200 / 5959: loss=0.877332 cross_entropy_loss=10.743086
2026-04-27,08:11:27 | INFO |   Batch 1300 / 5959: loss=0.873960 cross_entropy_loss=10.630039
2026-04-27,08:11:31 | INFO |   Batch 1400 / 5959: loss=0.866001 cross_entropy_loss=10.657108
2026-04-27,08:11:35 | INFO |   Batch 1500 / 5959: loss=0.863862 cross_entropy_loss=10.617447
2026-04-27,08:11:38 | INFO |   Batch 1600 / 5959: loss=0.862279 cross_entropy_loss=10.747905
2026-04-27,08:11:42 | INFO |   Batch 1700 / 5959: loss=0.834766 cross_entropy_loss=10.358786
2026-04-27,08:11:46 | INFO |   Batch 1800 / 5959: loss=0.883569 cross_entropy_loss=10.872406
2026-04-27,08:11:50 | INFO |   Batch 1900 / 5959: loss=0.860395 cross_entropy_loss=10.627008
2026-04-27,08:11:53 | INFO |   Batch 2000 / 5959: loss=0.827540 cross_entropy_loss=10.093860
2026-04-27,08:11:57 | INFO |   Batch 2100 / 5959: loss=0.863575 cross_entropy_loss=10.665206
2026-04-27,08:12:01 | INFO |   Batch 2200 / 5959: loss=0.861892 cross_entropy_loss=10.795286
2026-04-27,08:12:05 | INFO |   Batch 2300 / 5959: loss=0.871578 cross_entropy_loss=10.681237
2026-04-27,08:12:08 | INFO |   Batch 2400 / 5959: loss=0.866604 cross_entropy_loss=10.555012
2026-04-27,08:12:12 | INFO |   Batch 2500 / 5959: loss=0.873905 cross_entropy_loss=10.613498
2026-04-27,08:12:16 | INFO |   Batch 2600 / 5959: loss=0.854277 cross_entropy_loss=10.715930
2026-04-27,08:12:20 | INFO |   Batch 2700 / 5959: loss=0.854337 cross_entropy_loss=10.610497
2026-04-27,08:12:23 | INFO |   Batch 2800 / 5959: loss=0.830228 cross_entropy_loss=10.556521
2026-04-27,08:12:27 | INFO |   Batch 2900 / 5959: loss=0.832888 cross_entropy_loss=10.392357
2026-04-27,08:12:31 | INFO |   Batch 3000 / 5959: loss=0.855968 cross_entropy_loss=10.755650
2026-04-27,08:12:34 | INFO |   Batch 3100 / 5959: loss=0.872724 cross_entropy_loss=10.844160
2026-04-27,08:12:38 | INFO |   Batch 3200 / 5959: loss=0.852401 cross_entropy_loss=10.510328
2026-04-27,08:12:42 | INFO |   Batch 3300 / 5959: loss=0.830132 cross_entropy_loss=10.539332
2026-04-27,08:12:46 | INFO |   Batch 3400 / 5959: loss=0.843482 cross_entropy_loss=10.584008
2026-04-27,08:12:49 | INFO |   Batch 3500 / 5959: loss=0.856444 cross_entropy_loss=10.586007
2026-04-27,08:12:53 | INFO |   Batch 3600 / 5959: loss=0.825871 cross_entropy_loss=10.560829
2026-04-27,08:12:57 | INFO |   Batch 3700 / 5959: loss=0.831908 cross_entropy_loss=10.555910
2026-04-27,08:13:01 | INFO |   Batch 3800 / 5959: loss=0.869686 cross_entropy_loss=10.740340
2026-04-27,08:13:04 | INFO |   Batch 3900 / 5959: loss=0.861882 cross_entropy_loss=10.443062
2026-04-27,08:13:08 | INFO |   Batch 4000 / 5959: loss=0.828935 cross_entropy_loss=10.774846
2026-04-27,08:13:12 | INFO |   Batch 4100 / 5959: loss=0.831187 cross_entropy_loss=9.962170
2026-04-27,08:13:16 | INFO |   Batch 4200 / 5959: loss=0.841920 cross_entropy_loss=10.583097
2026-04-27,08:13:19 | INFO |   Batch 4300 / 5959: loss=0.865175 cross_entropy_loss=10.486697
2026-04-27,08:13:23 | INFO |   Batch 4400 / 5959: loss=0.860305 cross_entropy_loss=10.508610
2026-04-27,08:13:27 | INFO |   Batch 4500 / 5959: loss=0.852714 cross_entropy_loss=10.650805
2026-04-27,08:13:31 | INFO |   Batch 4600 / 5959: loss=0.856780 cross_entropy_loss=10.588401
2026-04-27,08:13:34 | INFO |   Batch 4700 / 5959: loss=0.856100 cross_entropy_loss=10.699756
2026-04-27,08:13:38 | INFO |   Batch 4800 / 5959: loss=0.842075 cross_entropy_loss=10.431480
2026-04-27,08:13:42 | INFO |   Batch 4900 / 5959: loss=0.833241 cross_entropy_loss=10.485599
2026-04-27,08:13:46 | INFO |   Batch 5000 / 5959: loss=0.837532 cross_entropy_loss=10.542057
2026-04-27,08:13:49 | INFO |   Batch 5100 / 5959: loss=0.851314 cross_entropy_loss=10.586430
2026-04-27,08:13:53 | INFO |   Batch 5200 / 5959: loss=0.843128 cross_entropy_loss=10.518312
2026-04-27,08:13:57 | INFO |   Batch 5300 / 5959: loss=0.866842 cross_entropy_loss=10.687653
2026-04-27,08:14:01 | INFO |   Batch 5400 / 5959: loss=0.851514 cross_entropy_loss=10.649718
2026-04-27,08:14:04 | INFO |   Batch 5500 / 5959: loss=0.832775 cross_entropy_loss=10.746952
2026-04-27,08:14:08 | INFO |   Batch 5600 / 5959: loss=0.835231 cross_entropy_loss=10.730423
2026-04-27,08:14:12 | INFO |   Batch 5700 / 5959: loss=0.835623 cross_entropy_loss=10.690320
2026-04-27,08:14:15 | INFO |   Batch 5800 / 5959: loss=0.837483 cross_entropy_loss=10.611360
2026-04-27,08:14:19 | INFO |   Batch 5900 / 5959: loss=0.853943 cross_entropy_loss=10.656122
2026-04-27,08:14:22 | INFO | Evaluating on validation set
2026-04-27,08:14:23 | INFO |   Batch 0 / 745: loss=10.640502
2026-04-27,08:14:23 | INFO |   Batch 100 / 745: loss=10.976683
2026-04-27,08:14:24 | INFO |   Batch 200 / 745: loss=10.534854
2026-04-27,08:14:25 | INFO |   Batch 300 / 745: loss=10.440439
2026-04-27,08:14:26 | INFO |   Batch 400 / 745: loss=10.748387
2026-04-27,08:14:27 | INFO |   Batch 500 / 745: loss=10.794201
2026-04-27,08:14:27 | INFO |   Batch 600 / 745: loss=10.457098
2026-04-27,08:14:28 | INFO |   Batch 700 / 745: loss=10.668922
2026-04-27,08:14:29 | INFO | New best model found
2026-04-27,08:14:29 | INFO | Epoch 5: cross_entropy_loss=10.588427 val_loss=10.619293 val_acc=0.194291
2026-04-27,08:14:29 | INFO |   Best val_acc=0.194291
2026-04-27,08:14:30 | INFO | Saved checkpoint for epoch 5.
2026-04-27,08:14:30 | INFO | Epoch 6/20, learning_rate=0.001707
2026-04-27,08:14:30 | INFO |   Batch 0 / 5959: loss=0.890269 cross_entropy_loss=10.697109
2026-04-27,08:14:34 | INFO |   Batch 100 / 5959: loss=0.903698 cross_entropy_loss=10.571483
2026-04-27,08:14:38 | INFO |   Batch 200 / 5959: loss=0.903992 cross_entropy_loss=10.292822
2026-04-27,08:14:42 | INFO |   Batch 300 / 5959: loss=0.875444 cross_entropy_loss=10.662860
2026-04-27,08:14:45 | INFO |   Batch 400 / 5959: loss=0.891161 cross_entropy_loss=10.620654
2026-04-27,08:14:49 | INFO |   Batch 500 / 5959: loss=0.887088 cross_entropy_loss=10.613976
2026-04-27,08:14:53 | INFO |   Batch 600 / 5959: loss=0.887485 cross_entropy_loss=10.828128
2026-04-27,08:14:56 | INFO |   Batch 700 / 5959: loss=0.879730 cross_entropy_loss=10.518903
2026-04-27,08:15:00 | INFO |   Batch 800 / 5959: loss=0.878377 cross_entropy_loss=10.585952
2026-04-27,08:15:04 | INFO |   Batch 900 / 5959: loss=0.885174 cross_entropy_loss=10.629040
2026-04-27,08:15:08 | INFO |   Batch 1000 / 5959: loss=0.881699 cross_entropy_loss=10.602816
2026-04-27,08:15:11 | INFO |   Batch 1100 / 5959: loss=0.896267 cross_entropy_loss=10.654842
2026-04-27,08:15:15 | INFO |   Batch 1200 / 5959: loss=0.876109 cross_entropy_loss=10.309402
2026-04-27,08:15:19 | INFO |   Batch 1300 / 5959: loss=0.894813 cross_entropy_loss=10.737639
2026-04-27,08:15:22 | INFO |   Batch 1400 / 5959: loss=0.889288 cross_entropy_loss=10.475933
2026-04-27,08:15:26 | INFO |   Batch 1500 / 5959: loss=0.881062 cross_entropy_loss=10.578192
2026-04-27,08:15:30 | INFO |   Batch 1600 / 5959: loss=0.884165 cross_entropy_loss=10.660666
2026-04-27,08:15:34 | INFO |   Batch 1700 / 5959: loss=0.862825 cross_entropy_loss=10.409820
2026-04-27,08:15:37 | INFO |   Batch 1800 / 5959: loss=0.872563 cross_entropy_loss=10.380355
2026-04-27,08:15:41 | INFO |   Batch 1900 / 5959: loss=0.847927 cross_entropy_loss=10.550097
2026-04-27,08:15:45 | INFO |   Batch 2000 / 5959: loss=0.867516 cross_entropy_loss=10.596421
2026-04-27,08:15:48 | INFO |   Batch 2100 / 5959: loss=0.854259 cross_entropy_loss=10.559278
2026-04-27,08:15:52 | INFO |   Batch 2200 / 5959: loss=0.848358 cross_entropy_loss=10.402934
2026-04-27,08:15:56 | INFO |   Batch 2300 / 5959: loss=0.853876 cross_entropy_loss=10.272110
2026-04-27,08:16:00 | INFO |   Batch 2400 / 5959: loss=0.860836 cross_entropy_loss=10.533229
2026-04-27,08:16:03 | INFO |   Batch 2500 / 5959: loss=0.835139 cross_entropy_loss=10.598315
2026-04-27,08:16:07 | INFO |   Batch 2600 / 5959: loss=0.863761 cross_entropy_loss=10.691689
2026-04-27,08:16:11 | INFO |   Batch 2700 / 5959: loss=0.867023 cross_entropy_loss=10.323089
2026-04-27,08:16:14 | INFO |   Batch 2800 / 5959: loss=0.884892 cross_entropy_loss=10.537156
2026-04-27,08:16:18 | INFO |   Batch 2900 / 5959: loss=0.869708 cross_entropy_loss=10.158491
2026-04-27,08:16:22 | INFO |   Batch 3000 / 5959: loss=0.850809 cross_entropy_loss=10.585323
2026-04-27,08:16:26 | INFO |   Batch 3100 / 5959: loss=0.861141 cross_entropy_loss=10.374369
2026-04-27,08:16:29 | INFO |   Batch 3200 / 5959: loss=0.869743 cross_entropy_loss=10.207042
2026-04-27,08:16:33 | INFO |   Batch 3300 / 5959: loss=0.869063 cross_entropy_loss=10.315524
2026-04-27,08:16:37 | INFO |   Batch 3400 / 5959: loss=0.869150 cross_entropy_loss=10.129185
2026-04-27,08:16:40 | INFO |   Batch 3500 / 5959: loss=0.864367 cross_entropy_loss=10.345039
2026-04-27,08:16:44 | INFO |   Batch 3600 / 5959: loss=0.868482 cross_entropy_loss=10.531476
2026-04-27,08:16:48 | INFO |   Batch 3700 / 5959: loss=0.864264 cross_entropy_loss=10.208241
2026-04-27,08:16:52 | INFO |   Batch 3800 / 5959: loss=0.875065 cross_entropy_loss=10.389839
2026-04-27,08:16:55 | INFO |   Batch 3900 / 5959: loss=0.888851 cross_entropy_loss=10.384962
2026-04-27,08:16:59 | INFO |   Batch 4000 / 5959: loss=0.827553 cross_entropy_loss=10.036154
2026-04-27,08:17:03 | INFO |   Batch 4100 / 5959: loss=0.868158 cross_entropy_loss=10.471422
2026-04-27,08:17:06 | INFO |   Batch 4200 / 5959: loss=0.874207 cross_entropy_loss=10.632379
2026-04-27,08:17:10 | INFO |   Batch 4300 / 5959: loss=0.850550 cross_entropy_loss=10.511643
2026-04-27,08:17:14 | INFO |   Batch 4400 / 5959: loss=0.850809 cross_entropy_loss=10.504809
2026-04-27,08:17:17 | INFO |   Batch 4500 / 5959: loss=0.869302 cross_entropy_loss=10.778744
2026-04-27,08:17:21 | INFO |   Batch 4600 / 5959: loss=0.854258 cross_entropy_loss=10.501629
2026-04-27,08:17:25 | INFO |   Batch 4700 / 5959: loss=0.877270 cross_entropy_loss=10.683481
2026-04-27,08:17:29 | INFO |   Batch 4800 / 5959: loss=0.881517 cross_entropy_loss=10.568954
2026-04-27,08:17:32 | INFO |   Batch 4900 / 5959: loss=0.834323 cross_entropy_loss=10.007879
2026-04-27,08:17:36 | INFO |   Batch 5000 / 5959: loss=0.845897 cross_entropy_loss=10.619473
2026-04-27,08:17:40 | INFO |   Batch 5100 / 5959: loss=0.867958 cross_entropy_loss=10.635299
2026-04-27,08:17:44 | INFO |   Batch 5200 / 5959: loss=0.848840 cross_entropy_loss=10.256114
2026-04-27,08:17:47 | INFO |   Batch 5300 / 5959: loss=0.824930 cross_entropy_loss=10.025819
2026-04-27,08:17:51 | INFO |   Batch 5400 / 5959: loss=0.832564 cross_entropy_loss=10.423059
2026-04-27,08:17:55 | INFO |   Batch 5500 / 5959: loss=0.834015 cross_entropy_loss=10.467934
2026-04-27,08:17:58 | INFO |   Batch 5600 / 5959: loss=0.837220 cross_entropy_loss=10.255710
2026-04-27,08:18:02 | INFO |   Batch 5700 / 5959: loss=0.818280 cross_entropy_loss=10.078737
2026-04-27,08:18:06 | INFO |   Batch 5800 / 5959: loss=0.853330 cross_entropy_loss=10.652905
2026-04-27,08:18:09 | INFO |   Batch 5900 / 5959: loss=0.836294 cross_entropy_loss=10.371469
2026-04-27,08:18:12 | INFO | Evaluating on validation set
2026-04-27,08:18:13 | INFO |   Batch 0 / 745: loss=10.519365
2026-04-27,08:18:14 | INFO |   Batch 100 / 745: loss=10.871677
2026-04-27,08:18:14 | INFO |   Batch 200 / 745: loss=10.408280
2026-04-27,08:18:15 | INFO |   Batch 300 / 745: loss=10.310561
2026-04-27,08:18:16 | INFO |   Batch 400 / 745: loss=10.626942
2026-04-27,08:18:17 | INFO |   Batch 500 / 745: loss=10.674540
2026-04-27,08:18:18 | INFO |   Batch 600 / 745: loss=10.324629
2026-04-27,08:18:18 | INFO |   Batch 700 / 745: loss=10.551991
2026-04-27,08:18:19 | INFO | New best model found
2026-04-27,08:18:19 | INFO | Epoch 6: cross_entropy_loss=10.430540 val_loss=10.495767 val_acc=0.215638
2026-04-27,08:18:19 | INFO |   Best val_acc=0.215638
2026-04-27,08:18:20 | INFO | Saved checkpoint for epoch 6.
2026-04-27,08:18:20 | INFO | Epoch 7/20, learning_rate=0.001588
2026-04-27,08:18:21 | INFO |   Batch 0 / 5959: loss=0.896315 cross_entropy_loss=10.586633
2026-04-27,08:18:25 | INFO |   Batch 100 / 5959: loss=0.884506 cross_entropy_loss=10.283563
2026-04-27,08:18:28 | INFO |   Batch 200 / 5959: loss=0.896004 cross_entropy_loss=10.369915
2026-04-27,08:18:32 | INFO |   Batch 300 / 5959: loss=0.874797 cross_entropy_loss=10.286936
2026-04-27,08:18:36 | INFO |   Batch 400 / 5959: loss=0.899454 cross_entropy_loss=10.760026
2026-04-27,08:18:39 | INFO |   Batch 500 / 5959: loss=0.894270 cross_entropy_loss=10.307227
2026-04-27,08:18:43 | INFO |   Batch 600 / 5959: loss=0.887494 cross_entropy_loss=10.441702
2026-04-27,08:18:47 | INFO |   Batch 700 / 5959: loss=0.901294 cross_entropy_loss=10.665521
2026-04-27,08:18:51 | INFO |   Batch 800 / 5959: loss=0.884498 cross_entropy_loss=10.484134
2026-04-27,08:18:54 | INFO |   Batch 900 / 5959: loss=0.889304 cross_entropy_loss=10.418834
2026-04-27,08:18:58 | INFO |   Batch 1000 / 5959: loss=0.889884 cross_entropy_loss=10.184699
2026-04-27,08:19:02 | INFO |   Batch 1100 / 5959: loss=0.885683 cross_entropy_loss=10.452067
2026-04-27,08:19:05 | INFO |   Batch 1200 / 5959: loss=0.898949 cross_entropy_loss=10.562767
2026-04-27,08:19:09 | INFO |   Batch 1300 / 5959: loss=0.904326 cross_entropy_loss=10.489164
2026-04-27,08:19:13 | INFO |   Batch 1400 / 5959: loss=0.893921 cross_entropy_loss=10.052896
2026-04-27,08:19:16 | INFO |   Batch 1500 / 5959: loss=0.877695 cross_entropy_loss=9.829215
2026-04-27,08:19:20 | INFO |   Batch 1600 / 5959: loss=0.875158 cross_entropy_loss=10.471848
2026-04-27,08:19:24 | INFO |   Batch 1700 / 5959: loss=0.876810 cross_entropy_loss=10.538540
2026-04-27,08:19:28 | INFO |   Batch 1800 / 5959: loss=0.873912 cross_entropy_loss=10.392773
2026-04-27,08:19:31 | INFO |   Batch 1900 / 5959: loss=0.873399 cross_entropy_loss=10.297844
2026-04-27,08:19:35 | INFO |   Batch 2000 / 5959: loss=0.882346 cross_entropy_loss=10.549483
2026-04-27,08:19:39 | INFO |   Batch 2100 / 5959: loss=0.887381 cross_entropy_loss=10.206705
2026-04-27,08:19:43 | INFO |   Batch 2200 / 5959: loss=0.897452 cross_entropy_loss=10.067165
2026-04-27,08:19:46 | INFO |   Batch 2300 / 5959: loss=0.864139 cross_entropy_loss=10.197279
2026-04-27,08:19:50 | INFO |   Batch 2400 / 5959: loss=0.891244 cross_entropy_loss=10.544188
2026-04-27,08:19:54 | INFO |   Batch 2500 / 5959: loss=0.870194 cross_entropy_loss=10.446978
2026-04-27,08:19:58 | INFO |   Batch 2600 / 5959: loss=0.903299 cross_entropy_loss=10.481706
2026-04-27,08:20:01 | INFO |   Batch 2700 / 5959: loss=0.878137 cross_entropy_loss=10.384273
2026-04-27,08:20:05 | INFO |   Batch 2800 / 5959: loss=0.875046 cross_entropy_loss=10.307716
2026-04-27,08:20:09 | INFO |   Batch 2900 / 5959: loss=0.851530 cross_entropy_loss=10.149521
2026-04-27,08:20:13 | INFO |   Batch 3000 / 5959: loss=0.860360 cross_entropy_loss=10.304039
2026-04-27,08:20:16 | INFO |   Batch 3100 / 5959: loss=0.873705 cross_entropy_loss=10.039216
2026-04-27,08:20:20 | INFO |   Batch 3200 / 5959: loss=0.887207 cross_entropy_loss=10.123934
2026-04-27,08:20:24 | INFO |   Batch 3300 / 5959: loss=0.870024 cross_entropy_loss=10.121429
2026-04-27,08:20:27 | INFO |   Batch 3400 / 5959: loss=0.873116 cross_entropy_loss=10.099412
2026-04-27,08:20:31 | INFO |   Batch 3500 / 5959: loss=0.895483 cross_entropy_loss=10.324306
2026-04-27,08:20:35 | INFO |   Batch 3600 / 5959: loss=0.870189 cross_entropy_loss=10.218764
2026-04-27,08:20:39 | INFO |   Batch 3700 / 5959: loss=0.879255 cross_entropy_loss=10.659107
2026-04-27,08:20:42 | INFO |   Batch 3800 / 5959: loss=0.872723 cross_entropy_loss=10.382800
2026-04-27,08:20:46 | INFO |   Batch 3900 / 5959: loss=0.876610 cross_entropy_loss=10.538463
2026-04-27,08:20:50 | INFO |   Batch 4000 / 5959: loss=0.886891 cross_entropy_loss=10.407254
2026-04-27,08:20:53 | INFO |   Batch 4100 / 5959: loss=0.868650 cross_entropy_loss=10.444662
2026-04-27,08:20:57 | INFO |   Batch 4200 / 5959: loss=0.882877 cross_entropy_loss=10.030935
2026-04-27,08:21:01 | INFO |   Batch 4300 / 5959: loss=0.849596 cross_entropy_loss=10.009899
2026-04-27,08:21:05 | INFO |   Batch 4400 / 5959: loss=0.877608 cross_entropy_loss=10.189171
2026-04-27,08:21:08 | INFO |   Batch 4500 / 5959: loss=0.876835 cross_entropy_loss=10.374571
2026-04-27,08:21:12 | INFO |   Batch 4600 / 5959: loss=0.870081 cross_entropy_loss=10.244321
2026-04-27,08:21:16 | INFO |   Batch 4700 / 5959: loss=0.871842 cross_entropy_loss=10.015734
2026-04-27,08:21:19 | INFO |   Batch 4800 / 5959: loss=0.875468 cross_entropy_loss=10.358571
2026-04-27,08:21:23 | INFO |   Batch 4900 / 5959: loss=0.862281 cross_entropy_loss=10.189986
2026-04-27,08:21:27 | INFO |   Batch 5000 / 5959: loss=0.836907 cross_entropy_loss=10.101422
2026-04-27,08:21:31 | INFO |   Batch 5100 / 5959: loss=0.854311 cross_entropy_loss=10.126135
2026-04-27,08:21:34 | INFO |   Batch 5200 / 5959: loss=0.849193 cross_entropy_loss=10.325885
2026-04-27,08:21:38 | INFO |   Batch 5300 / 5959: loss=0.868388 cross_entropy_loss=10.373834
2026-04-27,08:21:42 | INFO |   Batch 5400 / 5959: loss=0.850995 cross_entropy_loss=10.381150
2026-04-27,08:21:45 | INFO |   Batch 5500 / 5959: loss=0.851255 cross_entropy_loss=10.272948
2026-04-27,08:21:49 | INFO |   Batch 5600 / 5959: loss=0.858784 cross_entropy_loss=10.081014
2026-04-27,08:21:53 | INFO |   Batch 5700 / 5959: loss=0.842713 cross_entropy_loss=10.269494
2026-04-27,08:21:57 | INFO |   Batch 5800 / 5959: loss=0.838505 cross_entropy_loss=10.260022
2026-04-27,08:22:00 | INFO |   Batch 5900 / 5959: loss=0.850646 cross_entropy_loss=10.179244
2026-04-27,08:22:03 | INFO | Evaluating on validation set
2026-04-27,08:22:04 | INFO |   Batch 0 / 745: loss=10.411195
2026-04-27,08:22:05 | INFO |   Batch 100 / 745: loss=10.778547
2026-04-27,08:22:06 | INFO |   Batch 200 / 745: loss=10.294891
2026-04-27,08:22:06 | INFO |   Batch 300 / 745: loss=10.196457
2026-04-27,08:22:07 | INFO |   Batch 400 / 745: loss=10.519618
2026-04-27,08:22:08 | INFO |   Batch 500 / 745: loss=10.568930
2026-04-27,08:22:09 | INFO |   Batch 600 / 745: loss=10.207151
2026-04-27,08:22:10 | INFO |   Batch 700 / 745: loss=10.449696
2026-04-27,08:22:10 | INFO | New best model found
2026-04-27,08:22:10 | INFO | Epoch 7: cross_entropy_loss=10.289396 val_loss=10.387161 val_acc=0.231583
2026-04-27,08:22:10 | INFO |   Best val_acc=0.231583
2026-04-27,08:22:11 | INFO | Saved checkpoint for epoch 7.
2026-04-27,08:22:11 | INFO | Epoch 8/20, learning_rate=0.001454
2026-04-27,08:22:12 | INFO |   Batch 0 / 5959: loss=0.911121 cross_entropy_loss=10.116432
2026-04-27,08:22:16 | INFO |   Batch 100 / 5959: loss=0.904179 cross_entropy_loss=10.289725
2026-04-27,08:22:19 | INFO |   Batch 200 / 5959: loss=0.912233 cross_entropy_loss=10.387761
2026-04-27,08:22:23 | INFO |   Batch 300 / 5959: loss=0.909267 cross_entropy_loss=9.961206
2026-04-27,08:22:27 | INFO |   Batch 400 / 5959: loss=0.922068 cross_entropy_loss=10.156148
2026-04-27,08:22:31 | INFO |   Batch 500 / 5959: loss=0.902079 cross_entropy_loss=10.185293
2026-04-27,08:22:34 | INFO |   Batch 600 / 5959: loss=0.883297 cross_entropy_loss=10.537272
2026-04-27,08:22:38 | INFO |   Batch 700 / 5959: loss=0.897080 cross_entropy_loss=10.304902
2026-04-27,08:22:42 | INFO |   Batch 800 / 5959: loss=0.897941 cross_entropy_loss=10.143147
2026-04-27,08:22:46 | INFO |   Batch 900 / 5959: loss=0.899796 cross_entropy_loss=10.060483
2026-04-27,08:22:49 | INFO |   Batch 1000 / 5959: loss=0.896548 cross_entropy_loss=10.150912
2026-04-27,08:22:53 | INFO |   Batch 1100 / 5959: loss=0.922203 cross_entropy_loss=10.580392
2026-04-27,08:22:57 | INFO |   Batch 1200 / 5959: loss=0.898031 cross_entropy_loss=10.437380
2026-04-27,08:23:01 | INFO |   Batch 1300 / 5959: loss=0.890709 cross_entropy_loss=10.218650
2026-04-27,08:23:04 | INFO |   Batch 1400 / 5959: loss=0.903479 cross_entropy_loss=10.336542
2026-04-27,08:23:08 | INFO |   Batch 1500 / 5959: loss=0.878228 cross_entropy_loss=9.973248
2026-04-27,08:23:12 | INFO |   Batch 1600 / 5959: loss=0.878009 cross_entropy_loss=10.205539
2026-04-27,08:23:15 | INFO |   Batch 1700 / 5959: loss=0.882847 cross_entropy_loss=10.204853
2026-04-27,08:23:19 | INFO |   Batch 1800 / 5959: loss=0.877345 cross_entropy_loss=9.872406
2026-04-27,08:23:23 | INFO |   Batch 1900 / 5959: loss=0.890621 cross_entropy_loss=9.964368
2026-04-27,08:23:26 | INFO |   Batch 2000 / 5959: loss=0.870736 cross_entropy_loss=10.104870
2026-04-27,08:23:30 | INFO |   Batch 2100 / 5959: loss=0.904817 cross_entropy_loss=10.295457
2026-04-27,08:23:34 | INFO |   Batch 2200 / 5959: loss=0.877692 cross_entropy_loss=9.997564
2026-04-27,08:23:38 | INFO |   Batch 2300 / 5959: loss=0.875052 cross_entropy_loss=10.142385
2026-04-27,08:23:41 | INFO |   Batch 2400 / 5959: loss=0.884935 cross_entropy_loss=10.404229
2026-04-27,08:23:45 | INFO |   Batch 2500 / 5959: loss=0.879342 cross_entropy_loss=10.522884
2026-04-27,08:23:49 | INFO |   Batch 2600 / 5959: loss=0.883834 cross_entropy_loss=10.311501
2026-04-27,08:23:53 | INFO |   Batch 2700 / 5959: loss=0.858875 cross_entropy_loss=10.152377
2026-04-27,08:23:56 | INFO |   Batch 2800 / 5959: loss=0.893638 cross_entropy_loss=10.281507
2026-04-27,08:24:00 | INFO |   Batch 2900 / 5959: loss=0.892245 cross_entropy_loss=10.078367
2026-04-27,08:24:04 | INFO |   Batch 3000 / 5959: loss=0.886831 cross_entropy_loss=10.180521
2026-04-27,08:24:07 | INFO |   Batch 3100 / 5959: loss=0.909638 cross_entropy_loss=10.415441
2026-04-27,08:24:11 | INFO |   Batch 3200 / 5959: loss=0.896061 cross_entropy_loss=10.057526
2026-04-27,08:24:15 | INFO |   Batch 3300 / 5959: loss=0.882586 cross_entropy_loss=10.275840
2026-04-27,08:24:19 | INFO |   Batch 3400 / 5959: loss=0.893609 cross_entropy_loss=10.474534
2026-04-27,08:24:22 | INFO |   Batch 3500 / 5959: loss=0.868532 cross_entropy_loss=9.873914
2026-04-27,08:24:26 | INFO |   Batch 3600 / 5959: loss=0.885224 cross_entropy_loss=9.962484
2026-04-27,08:24:30 | INFO |   Batch 3700 / 5959: loss=0.878716 cross_entropy_loss=9.721913
2026-04-27,08:24:33 | INFO |   Batch 3800 / 5959: loss=0.868599 cross_entropy_loss=10.196044
2026-04-27,08:24:37 | INFO |   Batch 3900 / 5959: loss=0.875942 cross_entropy_loss=10.004036
2026-04-27,08:24:41 | INFO |   Batch 4000 / 5959: loss=0.876423 cross_entropy_loss=10.195950
2026-04-27,08:24:44 | INFO |   Batch 4100 / 5959: loss=0.887928 cross_entropy_loss=10.534600
2026-04-27,08:24:48 | INFO |   Batch 4200 / 5959: loss=0.871696 cross_entropy_loss=10.119264
2026-04-27,08:24:52 | INFO |   Batch 4300 / 5959: loss=0.895569 cross_entropy_loss=10.346777
2026-04-27,08:24:55 | INFO |   Batch 4400 / 5959: loss=0.904730 cross_entropy_loss=10.320480
2026-04-27,08:24:59 | INFO |   Batch 4500 / 5959: loss=0.876303 cross_entropy_loss=10.009257
2026-04-27,08:25:03 | INFO |   Batch 4600 / 5959: loss=0.871768 cross_entropy_loss=10.128586
2026-04-27,08:25:07 | INFO |   Batch 4700 / 5959: loss=0.861767 cross_entropy_loss=10.202921
2026-04-27,08:25:10 | INFO |   Batch 4800 / 5959: loss=0.868847 cross_entropy_loss=9.906212
2026-04-27,08:25:14 | INFO |   Batch 4900 / 5959: loss=0.875199 cross_entropy_loss=9.848276
2026-04-27,08:25:18 | INFO |   Batch 5000 / 5959: loss=0.867240 cross_entropy_loss=10.357687
2026-04-27,08:25:21 | INFO |   Batch 5100 / 5959: loss=0.873912 cross_entropy_loss=10.282814
2026-04-27,08:25:25 | INFO |   Batch 5200 / 5959: loss=0.877659 cross_entropy_loss=9.870611
2026-04-27,08:25:29 | INFO |   Batch 5300 / 5959: loss=0.865448 cross_entropy_loss=10.096941
2026-04-27,08:25:33 | INFO |   Batch 5400 / 5959: loss=0.918305 cross_entropy_loss=10.223368
2026-04-27,08:25:36 | INFO |   Batch 5500 / 5959: loss=0.869602 cross_entropy_loss=10.105596
2026-04-27,08:25:40 | INFO |   Batch 5600 / 5959: loss=0.890837 cross_entropy_loss=9.925089
2026-04-27,08:25:44 | INFO |   Batch 5700 / 5959: loss=0.847921 cross_entropy_loss=9.815509
2026-04-27,08:25:47 | INFO |   Batch 5800 / 5959: loss=0.886096 cross_entropy_loss=9.996623
2026-04-27,08:25:51 | INFO |   Batch 5900 / 5959: loss=0.878428 cross_entropy_loss=10.495832
2026-04-27,08:25:54 | INFO | Evaluating on validation set
2026-04-27,08:25:55 | INFO |   Batch 0 / 745: loss=10.318505
2026-04-27,08:25:55 | INFO |   Batch 100 / 745: loss=10.697069
2026-04-27,08:25:56 | INFO |   Batch 200 / 745: loss=10.195621
2026-04-27,08:25:57 | INFO |   Batch 300 / 745: loss=10.097600
2026-04-27,08:25:58 | INFO |   Batch 400 / 745: loss=10.426248
2026-04-27,08:25:59 | INFO |   Batch 500 / 745: loss=10.479014
2026-04-27,08:25:59 | INFO |   Batch 600 / 745: loss=10.105180
2026-04-27,08:26:00 | INFO |   Batch 700 / 745: loss=10.361137
2026-04-27,08:26:01 | INFO | New best model found
2026-04-27,08:26:01 | INFO | Epoch 8: cross_entropy_loss=10.163783 val_loss=10.292987 val_acc=0.242880
2026-04-27,08:26:01 | INFO |   Best val_acc=0.242880
2026-04-27,08:26:02 | INFO | Saved checkpoint for epoch 8.
2026-04-27,08:26:02 | INFO | Epoch 9/20, learning_rate=0.001309
2026-04-27,08:26:03 | INFO |   Batch 0 / 5959: loss=0.923983 cross_entropy_loss=10.245271
2026-04-27,08:26:06 | INFO |   Batch 100 / 5959: loss=0.905165 cross_entropy_loss=10.089702
2026-04-27,08:26:10 | INFO |   Batch 200 / 5959: loss=0.918248 cross_entropy_loss=10.163107
2026-04-27,08:26:14 | INFO |   Batch 300 / 5959: loss=0.940564 cross_entropy_loss=10.371337
2026-04-27,08:26:17 | INFO |   Batch 400 / 5959: loss=0.926632 cross_entropy_loss=9.846275
2026-04-27,08:26:21 | INFO |   Batch 500 / 5959: loss=0.895086 cross_entropy_loss=9.853573
2026-04-27,08:26:25 | INFO |   Batch 600 / 5959: loss=0.912893 cross_entropy_loss=10.071555
2026-04-27,08:26:29 | INFO |   Batch 700 / 5959: loss=0.919939 cross_entropy_loss=10.280655
2026-04-27,08:26:32 | INFO |   Batch 800 / 5959: loss=0.916491 cross_entropy_loss=10.115873
2026-04-27,08:26:36 | INFO |   Batch 900 / 5959: loss=0.873421 cross_entropy_loss=9.824825
2026-04-27,08:26:40 | INFO |   Batch 1000 / 5959: loss=0.914610 cross_entropy_loss=10.242800
2026-04-27,08:26:44 | INFO |   Batch 1100 / 5959: loss=0.903955 cross_entropy_loss=9.980803
2026-04-27,08:26:48 | INFO |   Batch 1200 / 5959: loss=0.921203 cross_entropy_loss=10.428007
2026-04-27,08:26:51 | INFO |   Batch 1300 / 5959: loss=0.902251 cross_entropy_loss=9.859049
2026-04-27,08:26:55 | INFO |   Batch 1400 / 5959: loss=0.902661 cross_entropy_loss=10.011251
2026-04-27,08:26:59 | INFO |   Batch 1500 / 5959: loss=0.930221 cross_entropy_loss=10.308682
2026-04-27,08:27:03 | INFO |   Batch 1600 / 5959: loss=0.924809 cross_entropy_loss=10.185597
2026-04-27,08:27:06 | INFO |   Batch 1700 / 5959: loss=0.919142 cross_entropy_loss=10.005060
2026-04-27,08:27:10 | INFO |   Batch 1800 / 5959: loss=0.911798 cross_entropy_loss=10.120606
2026-04-27,08:27:14 | INFO |   Batch 1900 / 5959: loss=0.896358 cross_entropy_loss=10.348714
2026-04-27,08:27:17 | INFO |   Batch 2000 / 5959: loss=0.892561 cross_entropy_loss=9.881708
2026-04-27,08:27:21 | INFO |   Batch 2100 / 5959: loss=0.892281 cross_entropy_loss=9.931903
2026-04-27,08:27:25 | INFO |   Batch 2200 / 5959: loss=0.887188 cross_entropy_loss=9.736195
2026-04-27,08:27:29 | INFO |   Batch 2300 / 5959: loss=0.907689 cross_entropy_loss=9.936859
2026-04-27,08:27:32 | INFO |   Batch 2400 / 5959: loss=0.921796 cross_entropy_loss=10.000622
2026-04-27,08:27:36 | INFO |   Batch 2500 / 5959: loss=0.896112 cross_entropy_loss=10.206859
2026-04-27,08:27:40 | INFO |   Batch 2600 / 5959: loss=0.903082 cross_entropy_loss=10.047041
2026-04-27,08:27:44 | INFO |   Batch 2700 / 5959: loss=0.895676 cross_entropy_loss=9.987747
2026-04-27,08:27:48 | INFO |   Batch 2800 / 5959: loss=0.911165 cross_entropy_loss=10.105721
2026-04-27,08:27:51 | INFO |   Batch 2900 / 5959: loss=0.901098 cross_entropy_loss=9.907001
2026-04-27,08:27:55 | INFO |   Batch 3000 / 5959: loss=0.900295 cross_entropy_loss=10.254304
2026-04-27,08:27:59 | INFO |   Batch 3100 / 5959: loss=0.877148 cross_entropy_loss=9.458468
2026-04-27,08:28:02 | INFO |   Batch 3200 / 5959: loss=0.909892 cross_entropy_loss=10.216159
2026-04-27,08:28:06 | INFO |   Batch 3300 / 5959: loss=0.902378 cross_entropy_loss=9.978469
2026-04-27,08:28:10 | INFO |   Batch 3400 / 5959: loss=0.910355 cross_entropy_loss=10.134553
2026-04-27,08:28:14 | INFO |   Batch 3500 / 5959: loss=0.896951 cross_entropy_loss=10.230944
2026-04-27,08:28:18 | INFO |   Batch 3600 / 5959: loss=0.891985 cross_entropy_loss=10.115342
2026-04-27,08:28:21 | INFO |   Batch 3700 / 5959: loss=0.913569 cross_entropy_loss=10.319835
2026-04-27,08:28:25 | INFO |   Batch 3800 / 5959: loss=0.875659 cross_entropy_loss=9.961623
2026-04-27,08:28:29 | INFO |   Batch 3900 / 5959: loss=0.897239 cross_entropy_loss=9.848265
2026-04-27,08:28:32 | INFO |   Batch 4000 / 5959: loss=0.872227 cross_entropy_loss=9.858420
2026-04-27,08:28:36 | INFO |   Batch 4100 / 5959: loss=0.900532 cross_entropy_loss=10.262610
2026-04-27,08:28:40 | INFO |   Batch 4200 / 5959: loss=0.884403 cross_entropy_loss=9.919620
2026-04-27,08:28:44 | INFO |   Batch 4300 / 5959: loss=0.888525 cross_entropy_loss=9.958584
2026-04-27,08:28:48 | INFO |   Batch 4400 / 5959: loss=0.908524 cross_entropy_loss=9.931860
2026-04-27,08:28:51 | INFO |   Batch 4500 / 5959: loss=0.908135 cross_entropy_loss=10.111685
2026-04-27,08:28:55 | INFO |   Batch 4600 / 5959: loss=0.871729 cross_entropy_loss=10.055144
2026-04-27,08:28:59 | INFO |   Batch 4700 / 5959: loss=0.903828 cross_entropy_loss=10.029494
2026-04-27,08:29:03 | INFO |   Batch 4800 / 5959: loss=0.891361 cross_entropy_loss=10.121051
2026-04-27,08:29:06 | INFO |   Batch 4900 / 5959: loss=0.880226 cross_entropy_loss=9.986891
2026-04-27,08:29:10 | INFO |   Batch 5000 / 5959: loss=0.887897 cross_entropy_loss=9.999035
2026-04-27,08:29:14 | INFO |   Batch 5100 / 5959: loss=0.884823 cross_entropy_loss=9.914576
2026-04-27,08:29:17 | INFO |   Batch 5200 / 5959: loss=0.886551 cross_entropy_loss=9.880152
2026-04-27,08:29:21 | INFO |   Batch 5300 / 5959: loss=0.870762 cross_entropy_loss=9.875454
2026-04-27,08:29:25 | INFO |   Batch 5400 / 5959: loss=0.871536 cross_entropy_loss=10.066340
2026-04-27,08:29:29 | INFO |   Batch 5500 / 5959: loss=0.892729 cross_entropy_loss=10.303433
2026-04-27,08:29:32 | INFO |   Batch 5600 / 5959: loss=0.878695 cross_entropy_loss=9.980809
2026-04-27,08:29:36 | INFO |   Batch 5700 / 5959: loss=0.895690 cross_entropy_loss=9.977046
2026-04-27,08:29:40 | INFO |   Batch 5800 / 5959: loss=0.904959 cross_entropy_loss=9.924092
2026-04-27,08:29:44 | INFO |   Batch 5900 / 5959: loss=0.867557 cross_entropy_loss=9.828475
2026-04-27,08:29:46 | INFO | Evaluating on validation set
2026-04-27,08:29:47 | INFO |   Batch 0 / 745: loss=10.238093
2026-04-27,08:29:47 | INFO |   Batch 100 / 745: loss=10.626618
2026-04-27,08:29:48 | INFO |   Batch 200 / 745: loss=10.109762
2026-04-27,08:29:49 | INFO |   Batch 300 / 745: loss=10.014586
2026-04-27,08:29:50 | INFO |   Batch 400 / 745: loss=10.346179
2026-04-27,08:29:51 | INFO |   Batch 500 / 745: loss=10.399912
2026-04-27,08:29:51 | INFO |   Batch 600 / 745: loss=10.016568
2026-04-27,08:29:52 | INFO |   Batch 700 / 745: loss=10.283731
2026-04-27,08:29:53 | INFO | New best model found
2026-04-27,08:29:53 | INFO | Epoch 9: cross_entropy_loss=10.054248 val_loss=10.211843 val_acc=0.250936
2026-04-27,08:29:53 | INFO |   Best val_acc=0.250936
2026-04-27,08:29:54 | INFO | Saved checkpoint for epoch 9.
2026-04-27,08:29:54 | INFO | Epoch 10/20, learning_rate=0.001156
2026-04-27,08:29:54 | INFO |   Batch 0 / 5959: loss=0.926034 cross_entropy_loss=9.798913
2026-04-27,08:29:58 | INFO |   Batch 100 / 5959: loss=0.922580 cross_entropy_loss=9.975644
2026-04-27,08:30:02 | INFO |   Batch 200 / 5959: loss=0.911448 cross_entropy_loss=9.993094
2026-04-27,08:30:05 | INFO |   Batch 300 / 5959: loss=0.921324 cross_entropy_loss=9.884813
2026-04-27,08:30:09 | INFO |   Batch 400 / 5959: loss=0.903688 cross_entropy_loss=10.156334
2026-04-27,08:30:13 | INFO |   Batch 500 / 5959: loss=0.910958 cross_entropy_loss=9.815130
2026-04-27,08:30:17 | INFO |   Batch 600 / 5959: loss=0.936979 cross_entropy_loss=10.241482
2026-04-27,08:30:20 | INFO |   Batch 700 / 5959: loss=0.931660 cross_entropy_loss=10.132793
2026-04-27,08:30:24 | INFO |   Batch 800 / 5959: loss=0.908171 cross_entropy_loss=9.523185
2026-04-27,08:30:28 | INFO |   Batch 900 / 5959: loss=0.916436 cross_entropy_loss=10.111313
2026-04-27,08:30:31 | INFO |   Batch 1000 / 5959: loss=0.924379 cross_entropy_loss=9.924396
2026-04-27,08:30:35 | INFO |   Batch 1100 / 5959: loss=0.910302 cross_entropy_loss=10.101483
2026-04-27,08:30:38 | INFO |   Batch 1200 / 5959: loss=0.911727 cross_entropy_loss=10.040790
2026-04-27,08:30:42 | INFO |   Batch 1300 / 5959: loss=0.941441 cross_entropy_loss=9.777146
2026-04-27,08:30:46 | INFO |   Batch 1400 / 5959: loss=0.921202 cross_entropy_loss=9.949794
2026-04-27,08:30:49 | INFO |   Batch 1500 / 5959: loss=0.920752 cross_entropy_loss=9.974168
2026-04-27,08:30:53 | INFO |   Batch 1600 / 5959: loss=0.927212 cross_entropy_loss=10.010327
2026-04-27,08:30:57 | INFO |   Batch 1700 / 5959: loss=0.920357 cross_entropy_loss=10.049191
2026-04-27,08:31:00 | INFO |   Batch 1800 / 5959: loss=0.908470 cross_entropy_loss=9.990998
2026-04-27,08:31:04 | INFO |   Batch 1900 / 5959: loss=0.924104 cross_entropy_loss=9.980915
2026-04-27,08:31:08 | INFO |   Batch 2000 / 5959: loss=0.909572 cross_entropy_loss=9.587126
2026-04-27,08:31:11 | INFO |   Batch 2100 / 5959: loss=0.903105 cross_entropy_loss=10.272535
2026-04-27,08:31:15 | INFO |   Batch 2200 / 5959: loss=0.920299 cross_entropy_loss=10.219961
2026-04-27,08:31:19 | INFO |   Batch 2300 / 5959: loss=0.920267 cross_entropy_loss=10.265909
2026-04-27,08:31:22 | INFO |   Batch 2400 / 5959: loss=0.930463 cross_entropy_loss=10.348774
2026-04-27,08:31:26 | INFO |   Batch 2500 / 5959: loss=0.936533 cross_entropy_loss=10.173342
2026-04-27,08:31:30 | INFO |   Batch 2600 / 5959: loss=0.903109 cross_entropy_loss=9.811479
2026-04-27,08:31:33 | INFO |   Batch 2700 / 5959: loss=0.915810 cross_entropy_loss=9.990375
2026-04-27,08:31:37 | INFO |   Batch 2800 / 5959: loss=0.911110 cross_entropy_loss=10.037051
2026-04-27,08:31:41 | INFO |   Batch 2900 / 5959: loss=0.924541 cross_entropy_loss=9.807447
2026-04-27,08:31:44 | INFO |   Batch 3000 / 5959: loss=0.902335 cross_entropy_loss=9.937609
2026-04-27,08:31:48 | INFO |   Batch 3100 / 5959: loss=0.906353 cross_entropy_loss=9.856373
2026-04-27,08:31:52 | INFO |   Batch 3200 / 5959: loss=0.906632 cross_entropy_loss=9.706089
2026-04-27,08:31:55 | INFO |   Batch 3300 / 5959: loss=0.920618 cross_entropy_loss=9.874445
2026-04-27,08:31:59 | INFO |   Batch 3400 / 5959: loss=0.901260 cross_entropy_loss=10.304885
2026-04-27,08:32:03 | INFO |   Batch 3500 / 5959: loss=0.901154 cross_entropy_loss=9.522000
2026-04-27,08:32:06 | INFO |   Batch 3600 / 5959: loss=0.916457 cross_entropy_loss=10.085613
2026-04-27,08:32:10 | INFO |   Batch 3700 / 5959: loss=0.917876 cross_entropy_loss=10.083858
2026-04-27,08:32:14 | INFO |   Batch 3800 / 5959: loss=0.896235 cross_entropy_loss=10.106565
2026-04-27,08:32:17 | INFO |   Batch 3900 / 5959: loss=0.910821 cross_entropy_loss=9.890192
2026-04-27,08:32:21 | INFO |   Batch 4000 / 5959: loss=0.901755 cross_entropy_loss=10.236872
2026-04-27,08:32:25 | INFO |   Batch 4100 / 5959: loss=0.903368 cross_entropy_loss=10.091471
2026-04-27,08:32:28 | INFO |   Batch 4200 / 5959: loss=0.910671 cross_entropy_loss=10.284804
2026-04-27,08:32:32 | INFO |   Batch 4300 / 5959: loss=0.906431 cross_entropy_loss=9.929352
2026-04-27,08:32:36 | INFO |   Batch 4400 / 5959: loss=0.892260 cross_entropy_loss=9.837846
2026-04-27,08:32:39 | INFO |   Batch 4500 / 5959: loss=0.921811 cross_entropy_loss=9.929814
2026-04-27,08:32:43 | INFO |   Batch 4600 / 5959: loss=0.896914 cross_entropy_loss=9.793845
2026-04-27,08:32:47 | INFO |   Batch 4700 / 5959: loss=0.894392 cross_entropy_loss=9.811063
2026-04-27,08:32:51 | INFO |   Batch 4800 / 5959: loss=0.892933 cross_entropy_loss=9.662672
2026-04-27,08:32:54 | INFO |   Batch 4900 / 5959: loss=0.894323 cross_entropy_loss=10.029238
2026-04-27,08:32:58 | INFO |   Batch 5000 / 5959: loss=0.901278 cross_entropy_loss=10.012670
2026-04-27,08:33:02 | INFO |   Batch 5100 / 5959: loss=0.899670 cross_entropy_loss=9.954425
2026-04-27,08:33:05 | INFO |   Batch 5200 / 5959: loss=0.913618 cross_entropy_loss=9.593318
2026-04-27,08:33:09 | INFO |   Batch 5300 / 5959: loss=0.916953 cross_entropy_loss=9.964531
2026-04-27,08:33:13 | INFO |   Batch 5400 / 5959: loss=0.883891 cross_entropy_loss=10.255454
2026-04-27,08:33:16 | INFO |   Batch 5500 / 5959: loss=0.900312 cross_entropy_loss=10.216930
2026-04-27,08:33:20 | INFO |   Batch 5600 / 5959: loss=0.898695 cross_entropy_loss=9.996624
2026-04-27,08:33:24 | INFO |   Batch 5700 / 5959: loss=0.892888 cross_entropy_loss=10.151542
2026-04-27,08:33:27 | INFO |   Batch 5800 / 5959: loss=0.895301 cross_entropy_loss=9.598559
2026-04-27,08:33:31 | INFO |   Batch 5900 / 5959: loss=0.877817 cross_entropy_loss=10.111912
2026-04-27,08:33:33 | INFO | Evaluating on validation set
2026-04-27,08:33:34 | INFO |   Batch 0 / 745: loss=10.169388
2026-04-27,08:33:35 | INFO |   Batch 100 / 745: loss=10.566832
2026-04-27,08:33:36 | INFO |   Batch 200 / 745: loss=10.038735
2026-04-27,08:33:36 | INFO |   Batch 300 / 745: loss=9.943878
2026-04-27,08:33:37 | INFO |   Batch 400 / 745: loss=10.277664
2026-04-27,08:33:38 | INFO |   Batch 500 / 745: loss=10.332939
2026-04-27,08:33:39 | INFO |   Batch 600 / 745: loss=9.940549
2026-04-27,08:33:40 | INFO |   Batch 700 / 745: loss=10.218857
2026-04-27,08:33:40 | INFO | New best model found
2026-04-27,08:33:40 | INFO | Epoch 10: cross_entropy_loss=9.959249 val_loss=10.142989 val_acc=0.256003
2026-04-27,08:33:40 | INFO |   Best val_acc=0.256003
2026-04-27,08:33:41 | INFO | Saved checkpoint for epoch 10.
2026-04-27,08:33:41 | INFO | Epoch 11/20, learning_rate=0.001000
2026-04-27,08:33:42 | INFO |   Batch 0 / 5959: loss=0.936154 cross_entropy_loss=10.197850
2026-04-27,08:33:45 | INFO |   Batch 100 / 5959: loss=0.939795 cross_entropy_loss=9.770882
2026-04-27,08:33:49 | INFO |   Batch 200 / 5959: loss=0.933392 cross_entropy_loss=10.051897
2026-04-27,08:33:53 | INFO |   Batch 300 / 5959: loss=0.915300 cross_entropy_loss=9.844513
2026-04-27,08:33:56 | INFO |   Batch 400 / 5959: loss=0.929031 cross_entropy_loss=10.103703
2026-04-27,08:34:00 | INFO |   Batch 500 / 5959: loss=0.943996 cross_entropy_loss=9.831270
2026-04-27,08:34:04 | INFO |   Batch 600 / 5959: loss=0.908789 cross_entropy_loss=9.875879
2026-04-27,08:34:07 | INFO |   Batch 700 / 5959: loss=0.962172 cross_entropy_loss=9.821321
2026-04-27,08:34:11 | INFO |   Batch 800 / 5959: loss=0.914892 cross_entropy_loss=9.777388
2026-04-27,08:34:15 | INFO |   Batch 900 / 5959: loss=0.923298 cross_entropy_loss=9.865726
2026-04-27,08:34:18 | INFO |   Batch 1000 / 5959: loss=0.924150 cross_entropy_loss=10.035442
2026-04-27,08:34:22 | INFO |   Batch 1100 / 5959: loss=0.922484 cross_entropy_loss=9.836034
2026-04-27,08:34:26 | INFO |   Batch 1200 / 5959: loss=0.934964 cross_entropy_loss=10.303226
2026-04-27,08:34:29 | INFO |   Batch 1300 / 5959: loss=0.930459 cross_entropy_loss=10.006227
2026-04-27,08:34:33 | INFO |   Batch 1400 / 5959: loss=0.943067 cross_entropy_loss=9.554031
2026-04-27,08:34:37 | INFO |   Batch 1500 / 5959: loss=0.925852 cross_entropy_loss=9.713226
2026-04-27,08:34:40 | INFO |   Batch 1600 / 5959: loss=0.912470 cross_entropy_loss=10.075029
2026-04-27,08:34:44 | INFO |   Batch 1700 / 5959: loss=0.929895 cross_entropy_loss=9.895729
2026-04-27,08:34:48 | INFO |   Batch 1800 / 5959: loss=0.921244 cross_entropy_loss=9.780478
2026-04-27,08:34:51 | INFO |   Batch 1900 / 5959: loss=0.893531 cross_entropy_loss=9.733649
2026-04-27,08:34:55 | INFO |   Batch 2000 / 5959: loss=0.925992 cross_entropy_loss=9.960132
2026-04-27,08:34:59 | INFO |   Batch 2100 / 5959: loss=0.925224 cross_entropy_loss=9.690635
2026-04-27,08:35:02 | INFO |   Batch 2200 / 5959: loss=0.893676 cross_entropy_loss=9.881262
2026-04-27,08:35:06 | INFO |   Batch 2300 / 5959: loss=0.938071 cross_entropy_loss=10.218958
2026-04-27,08:35:10 | INFO |   Batch 2400 / 5959: loss=0.926062 cross_entropy_loss=9.796868
2026-04-27,08:35:13 | INFO |   Batch 2500 / 5959: loss=0.922518 cross_entropy_loss=9.579498
2026-04-27,08:35:17 | INFO |   Batch 2600 / 5959: loss=0.910474 cross_entropy_loss=10.005402
2026-04-27,08:35:20 | INFO |   Batch 2700 / 5959: loss=0.920278 cross_entropy_loss=9.941391
2026-04-27,08:35:24 | INFO |   Batch 2800 / 5959: loss=0.947064 cross_entropy_loss=10.015215
2026-04-27,08:35:28 | INFO |   Batch 2900 / 5959: loss=0.920481 cross_entropy_loss=9.930037
2026-04-27,08:35:31 | INFO |   Batch 3000 / 5959: loss=0.920333 cross_entropy_loss=9.505736
2026-04-27,08:35:35 | INFO |   Batch 3100 / 5959: loss=0.903411 cross_entropy_loss=9.836572
2026-04-27,08:35:39 | INFO |   Batch 3200 / 5959: loss=0.912310 cross_entropy_loss=10.068686
2026-04-27,08:35:42 | INFO |   Batch 3300 / 5959: loss=0.949233 cross_entropy_loss=9.766541
2026-04-27,08:35:46 | INFO |   Batch 3400 / 5959: loss=0.928607 cross_entropy_loss=9.915096
2026-04-27,08:35:50 | INFO |   Batch 3500 / 5959: loss=0.908392 cross_entropy_loss=10.069946
2026-04-27,08:35:53 | INFO |   Batch 3600 / 5959: loss=0.959158 cross_entropy_loss=10.004187
2026-04-27,08:35:57 | INFO |   Batch 3700 / 5959: loss=0.931112 cross_entropy_loss=9.858804
2026-04-27,08:36:01 | INFO |   Batch 3800 / 5959: loss=0.916478 cross_entropy_loss=9.731128
2026-04-27,08:36:04 | INFO |   Batch 3900 / 5959: loss=0.945015 cross_entropy_loss=9.688935
2026-04-27,08:36:08 | INFO |   Batch 4000 / 5959: loss=0.922000 cross_entropy_loss=9.619412
2026-04-27,08:36:12 | INFO |   Batch 4100 / 5959: loss=0.927301 cross_entropy_loss=9.689578
2026-04-27,08:36:16 | INFO |   Batch 4200 / 5959: loss=0.888865 cross_entropy_loss=9.753712
2026-04-27,08:36:19 | INFO |   Batch 4300 / 5959: loss=0.939026 cross_entropy_loss=10.124955
2026-04-27,08:36:23 | INFO |   Batch 4400 / 5959: loss=0.904503 cross_entropy_loss=9.539897
2026-04-27,08:36:27 | INFO |   Batch 4500 / 5959: loss=0.907986 cross_entropy_loss=9.701613
2026-04-27,08:36:30 | INFO |   Batch 4600 / 5959: loss=0.925826 cross_entropy_loss=10.120246
2026-04-27,08:36:34 | INFO |   Batch 4700 / 5959: loss=0.936434 cross_entropy_loss=10.123153
2026-04-27,08:36:38 | INFO |   Batch 4800 / 5959: loss=0.937333 cross_entropy_loss=9.724563
2026-04-27,08:36:41 | INFO |   Batch 4900 / 5959: loss=0.908994 cross_entropy_loss=9.590281
2026-04-27,08:36:45 | INFO |   Batch 5000 / 5959: loss=0.936884 cross_entropy_loss=9.842370
2026-04-27,08:36:49 | INFO |   Batch 5100 / 5959: loss=0.913581 cross_entropy_loss=10.064281
2026-04-27,08:36:52 | INFO |   Batch 5200 / 5959: loss=0.910295 cross_entropy_loss=9.788414
2026-04-27,08:36:56 | INFO |   Batch 5300 / 5959: loss=0.896342 cross_entropy_loss=9.805435
2026-04-27,08:37:00 | INFO |   Batch 5400 / 5959: loss=0.914864 cross_entropy_loss=10.055756
2026-04-27,08:37:03 | INFO |   Batch 5500 / 5959: loss=0.900986 cross_entropy_loss=9.653125
2026-04-27,08:37:07 | INFO |   Batch 5600 / 5959: loss=0.919398 cross_entropy_loss=10.267494
2026-04-27,08:37:11 | INFO |   Batch 5700 / 5959: loss=0.920268 cross_entropy_loss=9.767167
2026-04-27,08:37:14 | INFO |   Batch 5800 / 5959: loss=0.913279 cross_entropy_loss=9.412427
2026-04-27,08:37:18 | INFO |   Batch 5900 / 5959: loss=0.927997 cross_entropy_loss=9.960476
2026-04-27,08:37:20 | INFO | Evaluating on validation set
2026-04-27,08:37:21 | INFO |   Batch 0 / 745: loss=10.111682
2026-04-27,08:37:22 | INFO |   Batch 100 / 745: loss=10.517340
2026-04-27,08:37:23 | INFO |   Batch 200 / 745: loss=9.979263
2026-04-27,08:37:23 | INFO |   Batch 300 / 745: loss=9.884202
2026-04-27,08:37:24 | INFO |   Batch 400 / 745: loss=10.221935
2026-04-27,08:37:25 | INFO |   Batch 500 / 745: loss=10.276961
2026-04-27,08:37:26 | INFO |   Batch 600 / 745: loss=9.878172
2026-04-27,08:37:27 | INFO |   Batch 700 / 745: loss=10.163919
2026-04-27,08:37:27 | INFO | New best model found
2026-04-27,08:37:27 | INFO | Epoch 11: cross_entropy_loss=9.878284 val_loss=10.085470 val_acc=0.260052
2026-04-27,08:37:27 | INFO |   Best val_acc=0.260052
2026-04-27,08:37:28 | INFO | Saved checkpoint for epoch 11.
2026-04-27,08:37:28 | INFO | Epoch 12/20, learning_rate=0.000844
2026-04-27,08:37:29 | INFO |   Batch 0 / 5959: loss=0.949048 cross_entropy_loss=9.731060
2026-04-27,08:37:32 | INFO |   Batch 100 / 5959: loss=0.943187 cross_entropy_loss=9.887424
2026-04-27,08:37:36 | INFO |   Batch 200 / 5959: loss=0.952480 cross_entropy_loss=10.069166
2026-04-27,08:37:40 | INFO |   Batch 300 / 5959: loss=0.928548 cross_entropy_loss=10.070454
2026-04-27,08:37:43 | INFO |   Batch 400 / 5959: loss=0.927980 cross_entropy_loss=9.871398
2026-04-27,08:37:47 | INFO |   Batch 500 / 5959: loss=0.941849 cross_entropy_loss=10.002258
2026-04-27,08:37:51 | INFO |   Batch 600 / 5959: loss=0.947347 cross_entropy_loss=9.634756
2026-04-27,08:37:54 | INFO |   Batch 700 / 5959: loss=0.942343 cross_entropy_loss=10.043455
2026-04-27,08:37:58 | INFO |   Batch 800 / 5959: loss=0.913332 cross_entropy_loss=9.891578
2026-04-27,08:38:02 | INFO |   Batch 900 / 5959: loss=0.930896 cross_entropy_loss=9.629571
2026-04-27,08:38:05 | INFO |   Batch 1000 / 5959: loss=0.954560 cross_entropy_loss=10.150419
2026-04-27,08:38:09 | INFO |   Batch 1100 / 5959: loss=0.919525 cross_entropy_loss=10.096796
2026-04-27,08:38:13 | INFO |   Batch 1200 / 5959: loss=0.945145 cross_entropy_loss=9.993244
2026-04-27,08:38:16 | INFO |   Batch 1300 / 5959: loss=0.946220 cross_entropy_loss=9.817621
2026-04-27,08:38:20 | INFO |   Batch 1400 / 5959: loss=0.939738 cross_entropy_loss=9.696394
2026-04-27,08:38:24 | INFO |   Batch 1500 / 5959: loss=0.931966 cross_entropy_loss=9.864757
2026-04-27,08:38:27 | INFO |   Batch 1600 / 5959: loss=0.964630 cross_entropy_loss=9.996813
2026-04-27,08:38:31 | INFO |   Batch 1700 / 5959: loss=0.924056 cross_entropy_loss=9.749362
2026-04-27,08:38:35 | INFO |   Batch 1800 / 5959: loss=0.940790 cross_entropy_loss=9.886918
2026-04-27,08:38:38 | INFO |   Batch 1900 / 5959: loss=0.957966 cross_entropy_loss=9.976601
2026-04-27,08:38:42 | INFO |   Batch 2000 / 5959: loss=0.918719 cross_entropy_loss=9.771162
2026-04-27,08:38:46 | INFO |   Batch 2100 / 5959: loss=0.942469 cross_entropy_loss=9.763673
2026-04-27,08:38:49 | INFO |   Batch 2200 / 5959: loss=0.953625 cross_entropy_loss=9.941051
2026-04-27,08:38:53 | INFO |   Batch 2300 / 5959: loss=0.935464 cross_entropy_loss=9.882993
2026-04-27,08:38:57 | INFO |   Batch 2400 / 5959: loss=0.933835 cross_entropy_loss=9.631992
2026-04-27,08:39:00 | INFO |   Batch 2500 / 5959: loss=0.931262 cross_entropy_loss=9.627213
2026-04-27,08:39:04 | INFO |   Batch 2600 / 5959: loss=0.926471 cross_entropy_loss=9.630842
2026-04-27,08:39:08 | INFO |   Batch 2700 / 5959: loss=0.938045 cross_entropy_loss=9.860858
2026-04-27,08:39:11 | INFO |   Batch 2800 / 5959: loss=0.934147 cross_entropy_loss=9.873585
2026-04-27,08:39:15 | INFO |   Batch 2900 / 5959: loss=0.937814 cross_entropy_loss=9.822330
2026-04-27,08:39:19 | INFO |   Batch 3000 / 5959: loss=0.966932 cross_entropy_loss=9.798770
2026-04-27,08:39:22 | INFO |   Batch 3100 / 5959: loss=0.945454 cross_entropy_loss=9.843798
2026-04-27,08:39:26 | INFO |   Batch 3200 / 5959: loss=0.950635 cross_entropy_loss=10.190217
2026-04-27,08:39:30 | INFO |   Batch 3300 / 5959: loss=0.912660 cross_entropy_loss=9.706464
2026-04-27,08:39:33 | INFO |   Batch 3400 / 5959: loss=0.940211 cross_entropy_loss=10.060538
2026-04-27,08:39:37 | INFO |   Batch 3500 / 5959: loss=0.944550 cross_entropy_loss=9.858539
2026-04-27,08:39:41 | INFO |   Batch 3600 / 5959: loss=0.908940 cross_entropy_loss=9.830380
2026-04-27,08:39:45 | INFO |   Batch 3700 / 5959: loss=0.935566 cross_entropy_loss=9.886618
2026-04-27,08:39:49 | INFO |   Batch 3800 / 5959: loss=0.926490 cross_entropy_loss=10.001073
2026-04-27,08:39:52 | INFO |   Batch 3900 / 5959: loss=0.923824 cross_entropy_loss=9.635260
2026-04-27,08:39:56 | INFO |   Batch 4000 / 5959: loss=0.908540 cross_entropy_loss=9.494081
2026-04-27,08:40:00 | INFO |   Batch 4100 / 5959: loss=0.929866 cross_entropy_loss=10.057600
2026-04-27,08:40:03 | INFO |   Batch 4200 / 5959: loss=0.899940 cross_entropy_loss=9.649178
2026-04-27,08:40:07 | INFO |   Batch 4300 / 5959: loss=0.940064 cross_entropy_loss=9.878416
2026-04-27,08:40:11 | INFO |   Batch 4400 / 5959: loss=0.956709 cross_entropy_loss=9.951846
2026-04-27,08:40:15 | INFO |   Batch 4500 / 5959: loss=0.922323 cross_entropy_loss=9.550515
2026-04-27,08:40:18 | INFO |   Batch 4600 / 5959: loss=0.919192 cross_entropy_loss=9.943410
2026-04-27,08:40:22 | INFO |   Batch 4700 / 5959: loss=0.925203 cross_entropy_loss=9.946473
2026-04-27,08:40:26 | INFO |   Batch 4800 / 5959: loss=0.921100 cross_entropy_loss=9.966104
2026-04-27,08:40:30 | INFO |   Batch 4900 / 5959: loss=0.933027 cross_entropy_loss=9.843361
2026-04-27,08:40:33 | INFO |   Batch 5000 / 5959: loss=0.949849 cross_entropy_loss=10.142727
2026-04-27,08:40:37 | INFO |   Batch 5100 / 5959: loss=0.955230 cross_entropy_loss=9.978595
2026-04-27,08:40:41 | INFO |   Batch 5200 / 5959: loss=0.934296 cross_entropy_loss=9.699295
2026-04-27,08:40:45 | INFO |   Batch 5300 / 5959: loss=0.933016 cross_entropy_loss=9.916196
2026-04-27,08:40:49 | INFO |   Batch 5400 / 5959: loss=0.917955 cross_entropy_loss=9.896143
2026-04-27,08:40:52 | INFO |   Batch 5500 / 5959: loss=0.935143 cross_entropy_loss=9.705634
2026-04-27,08:40:56 | INFO |   Batch 5600 / 5959: loss=0.944605 cross_entropy_loss=9.757535
2026-04-27,08:41:00 | INFO |   Batch 5700 / 5959: loss=0.926652 cross_entropy_loss=9.804438
2026-04-27,08:41:03 | INFO |   Batch 5800 / 5959: loss=0.913769 cross_entropy_loss=9.594186
2026-04-27,08:41:07 | INFO |   Batch 5900 / 5959: loss=0.939785 cross_entropy_loss=9.851339
2026-04-27,08:41:10 | INFO | Evaluating on validation set
2026-04-27,08:41:11 | INFO |   Batch 0 / 745: loss=10.066418
2026-04-27,08:41:11 | INFO |   Batch 100 / 745: loss=10.475887
2026-04-27,08:41:12 | INFO |   Batch 200 / 745: loss=9.931149
2026-04-27,08:41:13 | INFO |   Batch 300 / 745: loss=9.836104
2026-04-27,08:41:14 | INFO |   Batch 400 / 745: loss=10.175411
2026-04-27,08:41:15 | INFO |   Batch 500 / 745: loss=10.230579
2026-04-27,08:41:15 | INFO |   Batch 600 / 745: loss=9.827108
2026-04-27,08:41:16 | INFO |   Batch 700 / 745: loss=10.119860
2026-04-27,08:41:17 | INFO | New best model found
2026-04-27,08:41:17 | INFO | Epoch 12: cross_entropy_loss=9.810252 val_loss=10.038437 val_acc=0.262150
2026-04-27,08:41:17 | INFO |   Best val_acc=0.262150
2026-04-27,08:41:18 | INFO | Saved checkpoint for epoch 12.
2026-04-27,08:41:18 | INFO | Epoch 13/20, learning_rate=0.000691
2026-04-27,08:41:19 | INFO |   Batch 0 / 5959: loss=0.977002 cross_entropy_loss=9.596354
2026-04-27,08:41:23 | INFO |   Batch 100 / 5959: loss=0.938246 cross_entropy_loss=9.820169
2026-04-27,08:41:26 | INFO |   Batch 200 / 5959: loss=0.948659 cross_entropy_loss=9.902541
2026-04-27,08:41:30 | INFO |   Batch 300 / 5959: loss=0.959803 cross_entropy_loss=9.650394
2026-04-27,08:41:34 | INFO |   Batch 400 / 5959: loss=0.955692 cross_entropy_loss=9.853941
2026-04-27,08:41:37 | INFO |   Batch 500 / 5959: loss=0.936874 cross_entropy_loss=10.010086
2026-04-27,08:41:41 | INFO |   Batch 600 / 5959: loss=0.945638 cross_entropy_loss=10.139323
2026-04-27,08:41:45 | INFO |   Batch 700 / 5959: loss=0.951666 cross_entropy_loss=9.698143
2026-04-27,08:41:48 | INFO |   Batch 800 / 5959: loss=0.936834 cross_entropy_loss=9.640544
2026-04-27,08:41:52 | INFO |   Batch 900 / 5959: loss=0.955850 cross_entropy_loss=9.807693
2026-04-27,08:41:56 | INFO |   Batch 1000 / 5959: loss=0.920012 cross_entropy_loss=9.863611
2026-04-27,08:41:59 | INFO |   Batch 1100 / 5959: loss=0.969338 cross_entropy_loss=9.736204
2026-04-27,08:42:03 | INFO |   Batch 1200 / 5959: loss=0.962608 cross_entropy_loss=9.600635
2026-04-27,08:42:07 | INFO |   Batch 1300 / 5959: loss=0.954289 cross_entropy_loss=9.772130
2026-04-27,08:42:11 | INFO |   Batch 1400 / 5959: loss=0.966990 cross_entropy_loss=9.891458
2026-04-27,08:42:14 | INFO |   Batch 1500 / 5959: loss=0.937488 cross_entropy_loss=9.883235
2026-04-27,08:42:18 | INFO |   Batch 1600 / 5959: loss=0.943216 cross_entropy_loss=9.785023
2026-04-27,08:42:22 | INFO |   Batch 1700 / 5959: loss=0.951367 cross_entropy_loss=9.699533
2026-04-27,08:42:26 | INFO |   Batch 1800 / 5959: loss=0.956956 cross_entropy_loss=10.286714
2026-04-27,08:42:29 | INFO |   Batch 1900 / 5959: loss=0.935065 cross_entropy_loss=9.848020
2026-04-27,08:42:33 | INFO |   Batch 2000 / 5959: loss=0.956188 cross_entropy_loss=10.178374
2026-04-27,08:42:37 | INFO |   Batch 2100 / 5959: loss=0.947326 cross_entropy_loss=9.710720
2026-04-27,08:42:41 | INFO |   Batch 2200 / 5959: loss=0.964297 cross_entropy_loss=9.713574
2026-04-27,08:42:44 | INFO |   Batch 2300 / 5959: loss=0.938636 cross_entropy_loss=9.635437
2026-04-27,08:42:48 | INFO |   Batch 2400 / 5959: loss=0.930713 cross_entropy_loss=9.910278
2026-04-27,08:42:52 | INFO |   Batch 2500 / 5959: loss=0.956211 cross_entropy_loss=9.611220
2026-04-27,08:42:55 | INFO |   Batch 2600 / 5959: loss=0.934137 cross_entropy_loss=9.967576
2026-04-27,08:42:59 | INFO |   Batch 2700 / 5959: loss=0.935689 cross_entropy_loss=9.745533
2026-04-27,08:43:02 | INFO |   Batch 2800 / 5959: loss=0.967123 cross_entropy_loss=9.964621
2026-04-27,08:43:06 | INFO |   Batch 2900 / 5959: loss=0.926519 cross_entropy_loss=9.709989
2026-04-27,08:43:10 | INFO |   Batch 3000 / 5959: loss=0.941559 cross_entropy_loss=9.787741
2026-04-27,08:43:14 | INFO |   Batch 3100 / 5959: loss=0.965646 cross_entropy_loss=9.650441
2026-04-27,08:43:17 | INFO |   Batch 3200 / 5959: loss=0.929868 cross_entropy_loss=9.736995
2026-04-27,08:43:21 | INFO |   Batch 3300 / 5959: loss=0.934621 cross_entropy_loss=9.635993
2026-04-27,08:43:25 | INFO |   Batch 3400 / 5959: loss=0.927196 cross_entropy_loss=10.041007
2026-04-27,08:43:28 | INFO |   Batch 3500 / 5959: loss=0.950424 cross_entropy_loss=9.985435
2026-04-27,08:43:32 | INFO |   Batch 3600 / 5959: loss=0.916394 cross_entropy_loss=9.900355
2026-04-27,08:43:36 | INFO |   Batch 3700 / 5959: loss=0.929631 cross_entropy_loss=9.901064
2026-04-27,08:43:39 | INFO |   Batch 3800 / 5959: loss=0.922193 cross_entropy_loss=9.387580
2026-04-27,08:43:43 | INFO |   Batch 3900 / 5959: loss=0.937730 cross_entropy_loss=9.430866
2026-04-27,08:43:47 | INFO |   Batch 4000 / 5959: loss=0.941662 cross_entropy_loss=9.865524
2026-04-27,08:43:51 | INFO |   Batch 4100 / 5959: loss=0.947564 cross_entropy_loss=9.830516
2026-04-27,08:43:54 | INFO |   Batch 4200 / 5959: loss=0.952676 cross_entropy_loss=9.793628
2026-04-27,08:43:58 | INFO |   Batch 4300 / 5959: loss=0.916631 cross_entropy_loss=9.479416
2026-04-27,08:44:02 | INFO |   Batch 4400 / 5959: loss=0.928062 cross_entropy_loss=9.850547
2026-04-27,08:44:05 | INFO |   Batch 4500 / 5959: loss=0.927648 cross_entropy_loss=9.674837
2026-04-27,08:44:09 | INFO |   Batch 4600 / 5959: loss=0.953355 cross_entropy_loss=9.381094
2026-04-27,08:44:13 | INFO |   Batch 4700 / 5959: loss=0.908596 cross_entropy_loss=9.674462
2026-04-27,08:44:16 | INFO |   Batch 4800 / 5959: loss=0.957700 cross_entropy_loss=9.594924
2026-04-27,08:44:20 | INFO |   Batch 4900 / 5959: loss=0.945646 cross_entropy_loss=9.513311
2026-04-27,08:44:24 | INFO |   Batch 5000 / 5959: loss=0.960196 cross_entropy_loss=10.072351
2026-04-27,08:44:28 | INFO |   Batch 5100 / 5959: loss=0.951618 cross_entropy_loss=9.509377
2026-04-27,08:44:31 | INFO |   Batch 5200 / 5959: loss=0.930759 cross_entropy_loss=9.123936
2026-04-27,08:44:35 | INFO |   Batch 5300 / 5959: loss=0.917629 cross_entropy_loss=9.438816
2026-04-27,08:44:39 | INFO |   Batch 5400 / 5959: loss=0.950016 cross_entropy_loss=9.537389
2026-04-27,08:44:43 | INFO |   Batch 5500 / 5959: loss=0.920652 cross_entropy_loss=9.851297
2026-04-27,08:44:46 | INFO |   Batch 5600 / 5959: loss=0.954614 cross_entropy_loss=9.717706
2026-04-27,08:44:50 | INFO |   Batch 5700 / 5959: loss=0.941791 cross_entropy_loss=9.758995
2026-04-27,08:44:54 | INFO |   Batch 5800 / 5959: loss=0.918874 cross_entropy_loss=9.764235
2026-04-27,08:44:57 | INFO |   Batch 5900 / 5959: loss=0.922964 cross_entropy_loss=9.793259
2026-04-27,08:45:00 | INFO | Evaluating on validation set
2026-04-27,08:45:01 | INFO |   Batch 0 / 745: loss=10.029330
2026-04-27,08:45:01 | INFO |   Batch 100 / 745: loss=10.443521
2026-04-27,08:45:02 | INFO |   Batch 200 / 745: loss=9.891604
2026-04-27,08:45:03 | INFO |   Batch 300 / 745: loss=9.797740
2026-04-27,08:45:04 | INFO |   Batch 400 / 745: loss=10.137847
2026-04-27,08:45:05 | INFO |   Batch 500 / 745: loss=10.194666
2026-04-27,08:45:05 | INFO |   Batch 600 / 745: loss=9.786352
2026-04-27,08:45:06 | INFO |   Batch 700 / 745: loss=10.084788
2026-04-27,08:45:07 | INFO | New best model found
2026-04-27,08:45:07 | INFO | Epoch 13: cross_entropy_loss=9.754557 val_loss=10.000850 val_acc=0.263765
2026-04-27,08:45:07 | INFO |   Best val_acc=0.263765
2026-04-27,08:45:08 | INFO | Saved checkpoint for epoch 13.
2026-04-27,08:45:08 | INFO | Epoch 14/20, learning_rate=0.000546
2026-04-27,08:45:09 | INFO |   Batch 0 / 5959: loss=0.971077 cross_entropy_loss=9.400274
2026-04-27,08:45:12 | INFO |   Batch 100 / 5959: loss=0.956651 cross_entropy_loss=9.361342
2026-04-27,08:45:16 | INFO |   Batch 200 / 5959: loss=0.963542 cross_entropy_loss=9.711806
2026-04-27,08:45:20 | INFO |   Batch 300 / 5959: loss=0.968752 cross_entropy_loss=9.668116
2026-04-27,08:45:24 | INFO |   Batch 400 / 5959: loss=0.956892 cross_entropy_loss=9.898233
2026-04-27,08:45:27 | INFO |   Batch 500 / 5959: loss=0.958157 cross_entropy_loss=9.238772
2026-04-27,08:45:31 | INFO |   Batch 600 / 5959: loss=0.961502 cross_entropy_loss=10.148377
2026-04-27,08:45:35 | INFO |   Batch 700 / 5959: loss=0.933660 cross_entropy_loss=9.544246
2026-04-27,08:45:39 | INFO |   Batch 800 / 5959: loss=0.963193 cross_entropy_loss=9.516827
2026-04-27,08:45:42 | INFO |   Batch 900 / 5959: loss=0.960925 cross_entropy_loss=9.877769
2026-04-27,08:45:46 | INFO |   Batch 1000 / 5959: loss=0.939359 cross_entropy_loss=9.594429
2026-04-27,08:45:50 | INFO |   Batch 1100 / 5959: loss=0.928636 cross_entropy_loss=9.941871
2026-04-27,08:45:53 | INFO |   Batch 1200 / 5959: loss=0.957074 cross_entropy_loss=9.887405
2026-04-27,08:45:57 | INFO |   Batch 1300 / 5959: loss=0.959877 cross_entropy_loss=9.793134
2026-04-27,08:46:01 | INFO |   Batch 1400 / 5959: loss=0.954128 cross_entropy_loss=9.577104
2026-04-27,08:46:04 | INFO |   Batch 1500 / 5959: loss=0.953214 cross_entropy_loss=9.840172
2026-04-27,08:46:08 | INFO |   Batch 1600 / 5959: loss=0.966472 cross_entropy_loss=9.643384
2026-04-27,08:46:12 | INFO |   Batch 1700 / 5959: loss=0.949779 cross_entropy_loss=9.991859
2026-04-27,08:46:16 | INFO |   Batch 1800 / 5959: loss=0.969430 cross_entropy_loss=9.981622
2026-04-27,08:46:19 | INFO |   Batch 1900 / 5959: loss=0.959193 cross_entropy_loss=9.909473
2026-04-27,08:46:23 | INFO |   Batch 2000 / 5959: loss=0.968257 cross_entropy_loss=9.638660
2026-04-27,08:46:27 | INFO |   Batch 2100 / 5959: loss=0.952648 cross_entropy_loss=9.710986
2026-04-27,08:46:31 | INFO |   Batch 2200 / 5959: loss=0.945671 cross_entropy_loss=9.280478
2026-04-27,08:46:34 | INFO |   Batch 2300 / 5959: loss=0.961630 cross_entropy_loss=9.613418
2026-04-27,08:46:38 | INFO |   Batch 2400 / 5959: loss=0.932637 cross_entropy_loss=9.598503
2026-04-27,08:46:42 | INFO |   Batch 2500 / 5959: loss=0.960816 cross_entropy_loss=9.691056
2026-04-27,08:46:45 | INFO |   Batch 2600 / 5959: loss=0.943977 cross_entropy_loss=9.453121
2026-04-27,08:46:49 | INFO |   Batch 2700 / 5959: loss=0.936498 cross_entropy_loss=9.570875
2026-04-27,08:46:53 | INFO |   Batch 2800 / 5959: loss=0.926650 cross_entropy_loss=9.730809
2026-04-27,08:46:56 | INFO |   Batch 2900 / 5959: loss=0.937045 cross_entropy_loss=9.599809
2026-04-27,08:47:00 | INFO |   Batch 3000 / 5959: loss=0.954836 cross_entropy_loss=9.811653
2026-04-27,08:47:04 | INFO |   Batch 3100 / 5959: loss=0.959858 cross_entropy_loss=9.942446
2026-04-27,08:47:07 | INFO |   Batch 3200 / 5959: loss=0.971110 cross_entropy_loss=9.861889
2026-04-27,08:47:11 | INFO |   Batch 3300 / 5959: loss=0.975999 cross_entropy_loss=9.698154
2026-04-27,08:47:15 | INFO |   Batch 3400 / 5959: loss=0.944780 cross_entropy_loss=9.664031
2026-04-27,08:47:18 | INFO |   Batch 3500 / 5959: loss=0.962443 cross_entropy_loss=9.517397
2026-04-27,08:47:22 | INFO |   Batch 3600 / 5959: loss=0.958575 cross_entropy_loss=9.541756
2026-04-27,08:47:26 | INFO |   Batch 3700 / 5959: loss=0.956636 cross_entropy_loss=9.854683
2026-04-27,08:47:30 | INFO |   Batch 3800 / 5959: loss=0.937067 cross_entropy_loss=9.540756
2026-04-27,08:47:33 | INFO |   Batch 3900 / 5959: loss=0.955649 cross_entropy_loss=9.791125
2026-04-27,08:47:37 | INFO |   Batch 4000 / 5959: loss=0.971690 cross_entropy_loss=9.697597
2026-04-27,08:47:41 | INFO |   Batch 4100 / 5959: loss=0.945052 cross_entropy_loss=9.670110
2026-04-27,08:47:44 | INFO |   Batch 4200 / 5959: loss=0.950219 cross_entropy_loss=10.030523
2026-04-27,08:47:48 | INFO |   Batch 4300 / 5959: loss=0.958331 cross_entropy_loss=9.628257
2026-04-27,08:47:52 | INFO |   Batch 4400 / 5959: loss=0.956573 cross_entropy_loss=9.662717
2026-04-27,08:47:56 | INFO |   Batch 4500 / 5959: loss=0.963130 cross_entropy_loss=9.489287
2026-04-27,08:47:59 | INFO |   Batch 4600 / 5959: loss=0.940911 cross_entropy_loss=9.627832
2026-04-27,08:48:03 | INFO |   Batch 4700 / 5959: loss=0.933296 cross_entropy_loss=9.259343
2026-04-27,08:48:07 | INFO |   Batch 4800 / 5959: loss=0.957075 cross_entropy_loss=9.850628
2026-04-27,08:48:10 | INFO |   Batch 4900 / 5959: loss=0.947965 cross_entropy_loss=9.635796
2026-04-27,08:48:14 | INFO |   Batch 5000 / 5959: loss=0.940561 cross_entropy_loss=9.328107
2026-04-27,08:48:18 | INFO |   Batch 5100 / 5959: loss=0.927788 cross_entropy_loss=9.302713
2026-04-27,08:48:21 | INFO |   Batch 5200 / 5959: loss=0.954290 cross_entropy_loss=9.924285
2026-04-27,08:48:25 | INFO |   Batch 5300 / 5959: loss=0.966641 cross_entropy_loss=9.589532
2026-04-27,08:48:29 | INFO |   Batch 5400 / 5959: loss=0.952724 cross_entropy_loss=9.908090
2026-04-27,08:48:32 | INFO |   Batch 5500 / 5959: loss=0.965850 cross_entropy_loss=9.651366
2026-04-27,08:48:36 | INFO |   Batch 5600 / 5959: loss=0.980006 cross_entropy_loss=10.053061
2026-04-27,08:48:40 | INFO |   Batch 5700 / 5959: loss=0.966252 cross_entropy_loss=9.838138
2026-04-27,08:48:44 | INFO |   Batch 5800 / 5959: loss=0.928251 cross_entropy_loss=9.659373
2026-04-27,08:48:47 | INFO |   Batch 5900 / 5959: loss=0.955732 cross_entropy_loss=10.034720
2026-04-27,08:48:50 | INFO | Evaluating on validation set
2026-04-27,08:48:51 | INFO |   Batch 0 / 745: loss=10.001144
2026-04-27,08:48:52 | INFO |   Batch 100 / 745: loss=10.417730
2026-04-27,08:48:52 | INFO |   Batch 200 / 745: loss=9.861902
2026-04-27,08:48:53 | INFO |   Batch 300 / 745: loss=9.769091
2026-04-27,08:48:54 | INFO |   Batch 400 / 745: loss=10.108326
2026-04-27,08:48:55 | INFO |   Batch 500 / 745: loss=10.166333
2026-04-27,08:48:56 | INFO |   Batch 600 / 745: loss=9.754785
2026-04-27,08:48:56 | INFO |   Batch 700 / 745: loss=10.057590
2026-04-27,08:48:57 | INFO | New best model found
2026-04-27,08:48:57 | INFO | Epoch 14: cross_entropy_loss=9.710058 val_loss=9.971706 val_acc=0.265213
2026-04-27,08:48:57 | INFO |   Best val_acc=0.265213
2026-04-27,08:48:58 | INFO | Saved checkpoint for epoch 14.
2026-04-27,08:48:58 | INFO | Epoch 15/20, learning_rate=0.000412
2026-04-27,08:48:59 | INFO |   Batch 0 / 5959: loss=0.984459 cross_entropy_loss=9.956826
2026-04-27,08:49:02 | INFO |   Batch 100 / 5959: loss=0.966061 cross_entropy_loss=9.599479
2026-04-27,08:49:06 | INFO |   Batch 200 / 5959: loss=0.950503 cross_entropy_loss=9.642908
2026-04-27,08:49:10 | INFO |   Batch 300 / 5959: loss=0.958966 cross_entropy_loss=9.643329
2026-04-27,08:49:14 | INFO |   Batch 400 / 5959: loss=0.974895 cross_entropy_loss=9.722130
2026-04-27,08:49:17 | INFO |   Batch 500 / 5959: loss=0.971859 cross_entropy_loss=9.699033
2026-04-27,08:49:21 | INFO |   Batch 600 / 5959: loss=0.974142 cross_entropy_loss=10.139962
2026-04-27,08:49:25 | INFO |   Batch 700 / 5959: loss=0.948916 cross_entropy_loss=9.678548
2026-04-27,08:49:28 | INFO |   Batch 800 / 5959: loss=0.963342 cross_entropy_loss=9.562814
2026-04-27,08:49:32 | INFO |   Batch 900 / 5959: loss=0.967365 cross_entropy_loss=9.943335
2026-04-27,08:49:36 | INFO |   Batch 1000 / 5959: loss=0.978346 cross_entropy_loss=9.619293
2026-04-27,08:49:40 | INFO |   Batch 1100 / 5959: loss=0.968764 cross_entropy_loss=9.850996
2026-04-27,08:49:43 | INFO |   Batch 1200 / 5959: loss=0.958989 cross_entropy_loss=9.988006
2026-04-27,08:49:47 | INFO |   Batch 1300 / 5959: loss=0.954707 cross_entropy_loss=9.741959
2026-04-27,08:49:51 | INFO |   Batch 1400 / 5959: loss=0.957197 cross_entropy_loss=9.439804
2026-04-27,08:49:55 | INFO |   Batch 1500 / 5959: loss=0.980861 cross_entropy_loss=9.932109
2026-04-27,08:49:58 | INFO |   Batch 1600 / 5959: loss=0.975094 cross_entropy_loss=9.487533
2026-04-27,08:50:02 | INFO |   Batch 1700 / 5959: loss=0.972269 cross_entropy_loss=9.609550
2026-04-27,08:50:06 | INFO |   Batch 1800 / 5959: loss=0.963613 cross_entropy_loss=9.872082
2026-04-27,08:50:09 | INFO |   Batch 1900 / 5959: loss=0.954698 cross_entropy_loss=9.839903
2026-04-27,08:50:13 | INFO |   Batch 2000 / 5959: loss=0.973750 cross_entropy_loss=9.675910
2026-04-27,08:50:17 | INFO |   Batch 2100 / 5959: loss=0.954672 cross_entropy_loss=9.666308
2026-04-27,08:50:20 | INFO |   Batch 2200 / 5959: loss=0.946574 cross_entropy_loss=9.619566
2026-04-27,08:50:24 | INFO |   Batch 2300 / 5959: loss=0.973938 cross_entropy_loss=9.566334
2026-04-27,08:50:28 | INFO |   Batch 2400 / 5959: loss=0.947406 cross_entropy_loss=9.476667
2026-04-27,08:50:31 | INFO |   Batch 2500 / 5959: loss=0.955033 cross_entropy_loss=9.508295
2026-04-27,08:50:35 | INFO |   Batch 2600 / 5959: loss=0.961020 cross_entropy_loss=9.744897
2026-04-27,08:50:39 | INFO |   Batch 2700 / 5959: loss=0.954421 cross_entropy_loss=10.001599
2026-04-27,08:50:42 | INFO |   Batch 2800 / 5959: loss=0.955710 cross_entropy_loss=9.767309
2026-04-27,08:50:46 | INFO |   Batch 2900 / 5959: loss=0.972747 cross_entropy_loss=9.440377
2026-04-27,08:50:50 | INFO |   Batch 3000 / 5959: loss=0.962087 cross_entropy_loss=9.836905
2026-04-27,08:50:53 | INFO |   Batch 3100 / 5959: loss=0.964932 cross_entropy_loss=9.652142
2026-04-27,08:50:57 | INFO |   Batch 3200 / 5959: loss=0.978730 cross_entropy_loss=9.591420
2026-04-27,08:51:01 | INFO |   Batch 3300 / 5959: loss=0.936943 cross_entropy_loss=9.605246
2026-04-27,08:51:04 | INFO |   Batch 3400 / 5959: loss=0.949718 cross_entropy_loss=9.901425
2026-04-27,08:51:08 | INFO |   Batch 3500 / 5959: loss=0.965199 cross_entropy_loss=9.824433
2026-04-27,08:51:12 | INFO |   Batch 3600 / 5959: loss=0.957446 cross_entropy_loss=9.999036
2026-04-27,08:51:15 | INFO |   Batch 3700 / 5959: loss=0.966020 cross_entropy_loss=9.291121
2026-04-27,08:51:19 | INFO |   Batch 3800 / 5959: loss=0.958452 cross_entropy_loss=9.675493
2026-04-27,08:51:23 | INFO |   Batch 3900 / 5959: loss=0.976179 cross_entropy_loss=9.430713
2026-04-27,08:51:26 | INFO |   Batch 4000 / 5959: loss=0.966207 cross_entropy_loss=9.967719
2026-04-27,08:51:30 | INFO |   Batch 4100 / 5959: loss=0.974778 cross_entropy_loss=9.989758
2026-04-27,08:51:34 | INFO |   Batch 4200 / 5959: loss=0.977681 cross_entropy_loss=9.798448
2026-04-27,08:51:38 | INFO |   Batch 4300 / 5959: loss=0.969286 cross_entropy_loss=9.570667
2026-04-27,08:51:41 | INFO |   Batch 4400 / 5959: loss=0.963118 cross_entropy_loss=9.874459
2026-04-27,08:51:45 | INFO |   Batch 4500 / 5959: loss=0.965294 cross_entropy_loss=9.736044
2026-04-27,08:51:49 | INFO |   Batch 4600 / 5959: loss=0.958937 cross_entropy_loss=9.583316
2026-04-27,08:51:52 | INFO |   Batch 4700 / 5959: loss=0.951251 cross_entropy_loss=9.870568
2026-04-27,08:51:56 | INFO |   Batch 4800 / 5959: loss=0.946133 cross_entropy_loss=9.224635
2026-04-27,08:52:00 | INFO |   Batch 4900 / 5959: loss=0.956175 cross_entropy_loss=9.938100
2026-04-27,08:52:03 | INFO |   Batch 5000 / 5959: loss=0.941713 cross_entropy_loss=9.438330
2026-04-27,08:52:07 | INFO |   Batch 5100 / 5959: loss=0.948612 cross_entropy_loss=9.754480
2026-04-27,08:52:11 | INFO |   Batch 5200 / 5959: loss=0.950324 cross_entropy_loss=9.428970
2026-04-27,08:52:15 | INFO |   Batch 5300 / 5959: loss=0.968353 cross_entropy_loss=9.458513
2026-04-27,08:52:18 | INFO |   Batch 5400 / 5959: loss=0.962005 cross_entropy_loss=9.434213
2026-04-27,08:52:22 | INFO |   Batch 5500 / 5959: loss=0.954159 cross_entropy_loss=9.838614
2026-04-27,08:52:26 | INFO |   Batch 5600 / 5959: loss=0.967132 cross_entropy_loss=9.688191
2026-04-27,08:52:29 | INFO |   Batch 5700 / 5959: loss=0.925399 cross_entropy_loss=9.929074
2026-04-27,08:52:33 | INFO |   Batch 5800 / 5959: loss=0.944791 cross_entropy_loss=9.714470
2026-04-27,08:52:37 | INFO |   Batch 5900 / 5959: loss=0.940838 cross_entropy_loss=9.373375
2026-04-27,08:52:39 | INFO | Evaluating on validation set
2026-04-27,08:52:40 | INFO |   Batch 0 / 745: loss=9.980141
2026-04-27,08:52:41 | INFO |   Batch 100 / 745: loss=10.398937
2026-04-27,08:52:42 | INFO |   Batch 200 / 745: loss=9.839889
2026-04-27,08:52:43 | INFO |   Batch 300 / 745: loss=9.747490
2026-04-27,08:52:44 | INFO |   Batch 400 / 745: loss=10.085942
2026-04-27,08:52:44 | INFO |   Batch 500 / 745: loss=10.145291
2026-04-27,08:52:45 | INFO |   Batch 600 / 745: loss=9.730845
2026-04-27,08:52:46 | INFO |   Batch 700 / 745: loss=10.037866
2026-04-27,08:52:47 | INFO | New best model found
2026-04-27,08:52:47 | INFO | Epoch 15: cross_entropy_loss=9.675879 val_loss=9.950049 val_acc=0.266125
2026-04-27,08:52:47 | INFO |   Best val_acc=0.266125
2026-04-27,08:52:47 | INFO | Saved checkpoint for epoch 15.
2026-04-27,08:52:47 | INFO | Epoch 16/20, learning_rate=0.000293
2026-04-27,08:52:48 | INFO |   Batch 0 / 5959: loss=0.975158 cross_entropy_loss=9.543450
2026-04-27,08:52:52 | INFO |   Batch 100 / 5959: loss=0.982185 cross_entropy_loss=9.654125
2026-04-27,08:52:56 | INFO |   Batch 200 / 5959: loss=0.972514 cross_entropy_loss=9.685582
2026-04-27,08:53:00 | INFO |   Batch 300 / 5959: loss=0.953553 cross_entropy_loss=9.881051
2026-04-27,08:53:03 | INFO |   Batch 400 / 5959: loss=0.966345 cross_entropy_loss=9.689563
2026-04-27,08:53:07 | INFO |   Batch 500 / 5959: loss=0.978858 cross_entropy_loss=10.046681
2026-04-27,08:53:11 | INFO |   Batch 600 / 5959: loss=0.986735 cross_entropy_loss=9.770726
2026-04-27,08:53:14 | INFO |   Batch 700 / 5959: loss=0.967859 cross_entropy_loss=10.068457
2026-04-27,08:53:18 | INFO |   Batch 800 / 5959: loss=0.984123 cross_entropy_loss=9.547573
2026-04-27,08:53:22 | INFO |   Batch 900 / 5959: loss=0.973893 cross_entropy_loss=9.737916
2026-04-27,08:53:25 | INFO |   Batch 1000 / 5959: loss=0.952238 cross_entropy_loss=9.544336
2026-04-27,08:53:29 | INFO |   Batch 1100 / 5959: loss=0.982061 cross_entropy_loss=9.666425
2026-04-27,08:53:33 | INFO |   Batch 1200 / 5959: loss=0.961367 cross_entropy_loss=9.825663
2026-04-27,08:53:36 | INFO |   Batch 1300 / 5959: loss=0.982238 cross_entropy_loss=9.823880
2026-04-27,08:53:40 | INFO |   Batch 1400 / 5959: loss=0.985443 cross_entropy_loss=9.821756
2026-04-27,08:53:44 | INFO |   Batch 1500 / 5959: loss=0.966569 cross_entropy_loss=9.789077
2026-04-27,08:53:48 | INFO |   Batch 1600 / 5959: loss=0.970352 cross_entropy_loss=10.080032
2026-04-27,08:53:51 | INFO |   Batch 1700 / 5959: loss=0.963125 cross_entropy_loss=9.624020
2026-04-27,08:53:55 | INFO |   Batch 1800 / 5959: loss=0.971861 cross_entropy_loss=9.839194
2026-04-27,08:53:59 | INFO |   Batch 1900 / 5959: loss=0.975593 cross_entropy_loss=9.478073
2026-04-27,08:54:02 | INFO |   Batch 2000 / 5959: loss=0.972607 cross_entropy_loss=9.928424
2026-04-27,08:54:06 | INFO |   Batch 2100 / 5959: loss=0.931113 cross_entropy_loss=9.490507
2026-04-27,08:54:10 | INFO |   Batch 2200 / 5959: loss=0.980686 cross_entropy_loss=9.860950
2026-04-27,08:54:14 | INFO |   Batch 2300 / 5959: loss=0.974620 cross_entropy_loss=9.896171
2026-04-27,08:54:17 | INFO |   Batch 2400 / 5959: loss=0.961550 cross_entropy_loss=9.754873
2026-04-27,08:54:21 | INFO |   Batch 2500 / 5959: loss=0.986949 cross_entropy_loss=9.512506
2026-04-27,08:54:25 | INFO |   Batch 2600 / 5959: loss=0.964393 cross_entropy_loss=9.549955
2026-04-27,08:54:28 | INFO |   Batch 2700 / 5959: loss=0.975544 cross_entropy_loss=9.634075
2026-04-27,08:54:32 | INFO |   Batch 2800 / 5959: loss=0.974044 cross_entropy_loss=9.839971
2026-04-27,08:54:36 | INFO |   Batch 2900 / 5959: loss=0.955670 cross_entropy_loss=9.924374
2026-04-27,08:54:39 | INFO |   Batch 3000 / 5959: loss=0.984097 cross_entropy_loss=10.000917
2026-04-27,08:54:43 | INFO |   Batch 3100 / 5959: loss=0.980506 cross_entropy_loss=9.345729
2026-04-27,08:54:47 | INFO |   Batch 3200 / 5959: loss=0.978839 cross_entropy_loss=9.968076
2026-04-27,08:54:51 | INFO |   Batch 3300 / 5959: loss=0.967991 cross_entropy_loss=9.493807
2026-04-27,08:54:54 | INFO |   Batch 3400 / 5959: loss=0.969292 cross_entropy_loss=9.704907
2026-04-27,08:54:58 | INFO |   Batch 3500 / 5959: loss=0.961710 cross_entropy_loss=9.457256
2026-04-27,08:55:02 | INFO |   Batch 3600 / 5959: loss=0.942292 cross_entropy_loss=9.370974
2026-04-27,08:55:06 | INFO |   Batch 3700 / 5959: loss=0.986950 cross_entropy_loss=9.885238
2026-04-27,08:55:09 | INFO |   Batch 3800 / 5959: loss=0.977893 cross_entropy_loss=9.731976
2026-04-27,08:55:13 | INFO |   Batch 3900 / 5959: loss=0.960178 cross_entropy_loss=9.937521
2026-04-27,08:55:16 | INFO |   Batch 4000 / 5959: loss=0.993261 cross_entropy_loss=9.494047
2026-04-27,08:55:20 | INFO |   Batch 4100 / 5959: loss=0.967165 cross_entropy_loss=9.959413
2026-04-27,08:55:24 | INFO |   Batch 4200 / 5959: loss=0.975066 cross_entropy_loss=9.702587
2026-04-27,08:55:28 | INFO |   Batch 4300 / 5959: loss=0.949020 cross_entropy_loss=9.456141
2026-04-27,08:55:31 | INFO |   Batch 4400 / 5959: loss=0.970724 cross_entropy_loss=9.673493
2026-04-27,08:55:35 | INFO |   Batch 4500 / 5959: loss=0.962994 cross_entropy_loss=9.565051
2026-04-27,08:55:39 | INFO |   Batch 4600 / 5959: loss=0.952321 cross_entropy_loss=9.730069
2026-04-27,08:55:42 | INFO |   Batch 4700 / 5959: loss=0.974952 cross_entropy_loss=9.772698
2026-04-27,08:55:46 | INFO |   Batch 4800 / 5959: loss=0.964158 cross_entropy_loss=9.328126
2026-04-27,08:55:50 | INFO |   Batch 4900 / 5959: loss=0.957262 cross_entropy_loss=9.906061
2026-04-27,08:55:53 | INFO |   Batch 5000 / 5959: loss=0.982984 cross_entropy_loss=9.544127
2026-04-27,08:55:57 | INFO |   Batch 5100 / 5959: loss=0.948156 cross_entropy_loss=9.452618
2026-04-27,08:56:01 | INFO |   Batch 5200 / 5959: loss=0.958880 cross_entropy_loss=9.861268
2026-04-27,08:56:05 | INFO |   Batch 5300 / 5959: loss=0.971539 cross_entropy_loss=9.291273
2026-04-27,08:56:08 | INFO |   Batch 5400 / 5959: loss=0.991140 cross_entropy_loss=9.999866
2026-04-27,08:56:12 | INFO |   Batch 5500 / 5959: loss=0.972403 cross_entropy_loss=9.896990
2026-04-27,08:56:16 | INFO |   Batch 5600 / 5959: loss=0.981284 cross_entropy_loss=9.693064
2026-04-27,08:56:20 | INFO |   Batch 5700 / 5959: loss=0.997242 cross_entropy_loss=9.958166
2026-04-27,08:56:23 | INFO |   Batch 5800 / 5959: loss=0.957146 cross_entropy_loss=9.502137
2026-04-27,08:56:27 | INFO |   Batch 5900 / 5959: loss=0.962197 cross_entropy_loss=9.638574
2026-04-27,08:56:29 | INFO | Evaluating on validation set
2026-04-27,08:56:30 | INFO |   Batch 0 / 745: loss=9.965053
2026-04-27,08:56:31 | INFO |   Batch 100 / 745: loss=10.385406
2026-04-27,08:56:32 | INFO |   Batch 200 / 745: loss=9.824564
2026-04-27,08:56:33 | INFO |   Batch 300 / 745: loss=9.732084
2026-04-27,08:56:34 | INFO |   Batch 400 / 745: loss=10.070619
2026-04-27,08:56:34 | INFO |   Batch 500 / 745: loss=10.130106
2026-04-27,08:56:35 | INFO |   Batch 600 / 745: loss=9.714336
2026-04-27,08:56:36 | INFO |   Batch 700 / 745: loss=10.024005
2026-04-27,08:56:37 | INFO | New best model found
2026-04-27,08:56:37 | INFO | Epoch 16: cross_entropy_loss=9.650789 val_loss=9.934798 val_acc=0.266734
2026-04-27,08:56:37 | INFO |   Best val_acc=0.266734
2026-04-27,08:56:38 | INFO | Saved checkpoint for epoch 16.
2026-04-27,08:56:38 | INFO | Epoch 17/20, learning_rate=0.000191
2026-04-27,08:56:38 | INFO |   Batch 0 / 5959: loss=0.985907 cross_entropy_loss=9.734654
2026-04-27,08:56:42 | INFO |   Batch 100 / 5959: loss=0.985251 cross_entropy_loss=9.436193
2026-04-27,08:56:46 | INFO |   Batch 200 / 5959: loss=0.987158 cross_entropy_loss=9.630803
2026-04-27,08:56:49 | INFO |   Batch 300 / 5959: loss=0.994027 cross_entropy_loss=9.789003
2026-04-27,08:56:53 | INFO |   Batch 400 / 5959: loss=1.000734 cross_entropy_loss=9.899110
2026-04-27,08:56:57 | INFO |   Batch 500 / 5959: loss=0.965145 cross_entropy_loss=9.569613
2026-04-27,08:57:01 | INFO |   Batch 600 / 5959: loss=0.985474 cross_entropy_loss=9.495381
2026-04-27,08:57:04 | INFO |   Batch 700 / 5959: loss=1.004190 cross_entropy_loss=9.684573
2026-04-27,08:57:08 | INFO |   Batch 800 / 5959: loss=0.985589 cross_entropy_loss=9.611383
2026-04-27,08:57:12 | INFO |   Batch 900 / 5959: loss=0.983006 cross_entropy_loss=9.754001
2026-04-27,08:57:15 | INFO |   Batch 1000 / 5959: loss=0.980746 cross_entropy_loss=9.478765
2026-04-27,08:57:19 | INFO |   Batch 1100 / 5959: loss=0.978674 cross_entropy_loss=9.654546
2026-04-27,08:57:23 | INFO |   Batch 1200 / 5959: loss=0.976604 cross_entropy_loss=9.583344
2026-04-27,08:57:26 | INFO |   Batch 1300 / 5959: loss=0.978429 cross_entropy_loss=9.324661
2026-04-27,08:57:30 | INFO |   Batch 1400 / 5959: loss=0.966179 cross_entropy_loss=9.321085
2026-04-27,08:57:34 | INFO |   Batch 1500 / 5959: loss=1.006238 cross_entropy_loss=10.074592
2026-04-27,08:57:38 | INFO |   Batch 1600 / 5959: loss=0.984815 cross_entropy_loss=9.513094
2026-04-27,08:57:41 | INFO |   Batch 1700 / 5959: loss=0.981100 cross_entropy_loss=9.472430
2026-04-27,08:57:45 | INFO |   Batch 1800 / 5959: loss=0.965394 cross_entropy_loss=9.430468
2026-04-27,08:57:49 | INFO |   Batch 1900 / 5959: loss=0.981879 cross_entropy_loss=9.461116
2026-04-27,08:57:52 | INFO |   Batch 2000 / 5959: loss=0.973809 cross_entropy_loss=9.864445
2026-04-27,08:57:56 | INFO |   Batch 2100 / 5959: loss=0.967035 cross_entropy_loss=9.680025
2026-04-27,08:58:00 | INFO |   Batch 2200 / 5959: loss=0.963920 cross_entropy_loss=9.832097
2026-04-27,08:58:04 | INFO |   Batch 2300 / 5959: loss=0.968569 cross_entropy_loss=9.709794
2026-04-27,08:58:07 | INFO |   Batch 2400 / 5959: loss=0.982230 cross_entropy_loss=10.032564
2026-04-27,08:58:11 | INFO |   Batch 2500 / 5959: loss=0.984758 cross_entropy_loss=9.685080
2026-04-27,08:58:15 | INFO |   Batch 2600 / 5959: loss=0.983045 cross_entropy_loss=10.133103
2026-04-27,08:58:18 | INFO |   Batch 2700 / 5959: loss=0.998269 cross_entropy_loss=9.662391
2026-04-27,08:58:22 | INFO |   Batch 2800 / 5959: loss=0.979758 cross_entropy_loss=9.827358
2026-04-27,08:58:26 | INFO |   Batch 2900 / 5959: loss=0.982581 cross_entropy_loss=9.744793
2026-04-27,08:58:29 | INFO |   Batch 3000 / 5959: loss=0.982210 cross_entropy_loss=9.818455
2026-04-27,08:58:33 | INFO |   Batch 3100 / 5959: loss=0.954732 cross_entropy_loss=9.458388
2026-04-27,08:58:37 | INFO |   Batch 3200 / 5959: loss=0.977071 cross_entropy_loss=9.478568
2026-04-27,08:58:40 | INFO |   Batch 3300 / 5959: loss=0.968814 cross_entropy_loss=9.724112
2026-04-27,08:58:44 | INFO |   Batch 3400 / 5959: loss=0.985270 cross_entropy_loss=9.448997
2026-04-27,08:58:48 | INFO |   Batch 3500 / 5959: loss=0.950572 cross_entropy_loss=9.511747
2026-04-27,08:58:51 | INFO |   Batch 3600 / 5959: loss=0.986747 cross_entropy_loss=9.778076
2026-04-27,08:58:55 | INFO |   Batch 3700 / 5959: loss=0.979820 cross_entropy_loss=9.574339
2026-04-27,08:58:59 | INFO |   Batch 3800 / 5959: loss=0.984024 cross_entropy_loss=9.610889
2026-04-27,08:59:02 | INFO |   Batch 3900 / 5959: loss=0.982594 cross_entropy_loss=9.635834
2026-04-27,08:59:06 | INFO |   Batch 4000 / 5959: loss=0.950194 cross_entropy_loss=9.646843
2026-04-27,08:59:10 | INFO |   Batch 4100 / 5959: loss=0.994602 cross_entropy_loss=9.589133
2026-04-27,08:59:14 | INFO |   Batch 4200 / 5959: loss=0.988979 cross_entropy_loss=9.919331
2026-04-27,08:59:17 | INFO |   Batch 4300 / 5959: loss=0.980063 cross_entropy_loss=9.479240
2026-04-27,08:59:21 | INFO |   Batch 4400 / 5959: loss=0.974390 cross_entropy_loss=9.429193
2026-04-27,08:59:25 | INFO |   Batch 4500 / 5959: loss=1.006616 cross_entropy_loss=9.580309
2026-04-27,08:59:28 | INFO |   Batch 4600 / 5959: loss=0.956872 cross_entropy_loss=9.345891
2026-04-27,08:59:32 | INFO |   Batch 4700 / 5959: loss=0.980006 cross_entropy_loss=9.509537
2026-04-27,08:59:36 | INFO |   Batch 4800 / 5959: loss=0.968953 cross_entropy_loss=9.861110
2026-04-27,08:59:39 | INFO |   Batch 4900 / 5959: loss=0.972330 cross_entropy_loss=9.483068
2026-04-27,08:59:43 | INFO |   Batch 5000 / 5959: loss=0.968549 cross_entropy_loss=9.528388
2026-04-27,08:59:47 | INFO |   Batch 5100 / 5959: loss=0.964316 cross_entropy_loss=9.787236
2026-04-27,08:59:50 | INFO |   Batch 5200 / 5959: loss=0.976888 cross_entropy_loss=9.391344
2026-04-27,08:59:54 | INFO |   Batch 5300 / 5959: loss=0.982474 cross_entropy_loss=9.378859
2026-04-27,08:59:58 | INFO |   Batch 5400 / 5959: loss=0.979470 cross_entropy_loss=9.627788
2026-04-27,09:00:01 | INFO |   Batch 5500 / 5959: loss=0.959411 cross_entropy_loss=9.524225
2026-04-27,09:00:05 | INFO |   Batch 5600 / 5959: loss=0.956000 cross_entropy_loss=9.434420
2026-04-27,09:00:09 | INFO |   Batch 5700 / 5959: loss=0.974934 cross_entropy_loss=9.914653
2026-04-27,09:00:12 | INFO |   Batch 5800 / 5959: loss=0.966326 cross_entropy_loss=9.720984
2026-04-27,09:00:16 | INFO |   Batch 5900 / 5959: loss=0.981293 cross_entropy_loss=9.789971
2026-04-27,09:00:19 | INFO | Evaluating on validation set
2026-04-27,09:00:20 | INFO |   Batch 0 / 745: loss=9.955538
2026-04-27,09:00:20 | INFO |   Batch 100 / 745: loss=10.376794
2026-04-27,09:00:21 | INFO |   Batch 200 / 745: loss=9.814547
2026-04-27,09:00:22 | INFO |   Batch 300 / 745: loss=9.722223
2026-04-27,09:00:23 | INFO |   Batch 400 / 745: loss=10.060192
2026-04-27,09:00:24 | INFO |   Batch 500 / 745: loss=10.120192
2026-04-27,09:00:24 | INFO |   Batch 600 / 745: loss=9.703440
2026-04-27,09:00:25 | INFO |   Batch 700 / 745: loss=10.014811
2026-04-27,09:00:26 | INFO | New best model found
2026-04-27,09:00:26 | INFO | Epoch 17: cross_entropy_loss=9.633506 val_loss=9.924918 val_acc=0.267048
2026-04-27,09:00:26 | INFO |   Best val_acc=0.267048
2026-04-27,09:00:27 | INFO | Saved checkpoint for epoch 17.
2026-04-27,09:00:27 | INFO | Epoch 18/20, learning_rate=0.000109
2026-04-27,09:00:28 | INFO |   Batch 0 / 5959: loss=0.992584 cross_entropy_loss=9.718200
2026-04-27,09:00:31 | INFO |   Batch 100 / 5959: loss=0.979725 cross_entropy_loss=9.433590
2026-04-27,09:00:35 | INFO |   Batch 200 / 5959: loss=0.990236 cross_entropy_loss=9.700801
2026-04-27,09:00:39 | INFO |   Batch 300 / 5959: loss=0.966282 cross_entropy_loss=9.840624
2026-04-27,09:00:42 | INFO |   Batch 400 / 5959: loss=0.984435 cross_entropy_loss=9.811144
2026-04-27,09:00:46 | INFO |   Batch 500 / 5959: loss=0.980617 cross_entropy_loss=9.653953
2026-04-27,09:00:50 | INFO |   Batch 600 / 5959: loss=0.984320 cross_entropy_loss=9.817805
2026-04-27,09:00:53 | INFO |   Batch 700 / 5959: loss=1.005751 cross_entropy_loss=9.856120
2026-04-27,09:00:57 | INFO |   Batch 800 / 5959: loss=0.977411 cross_entropy_loss=9.503677
2026-04-27,09:01:01 | INFO |   Batch 900 / 5959: loss=0.977685 cross_entropy_loss=9.720628
2026-04-27,09:01:05 | INFO |   Batch 1000 / 5959: loss=1.011067 cross_entropy_loss=10.130532
2026-04-27,09:01:08 | INFO |   Batch 1100 / 5959: loss=0.987693 cross_entropy_loss=9.630122
2026-04-27,09:01:12 | INFO |   Batch 1200 / 5959: loss=0.983881 cross_entropy_loss=9.632151
2026-04-27,09:01:16 | INFO |   Batch 1300 / 5959: loss=0.979882 cross_entropy_loss=9.969328
2026-04-27,09:01:19 | INFO |   Batch 1400 / 5959: loss=0.980414 cross_entropy_loss=9.728472
2026-04-27,09:01:23 | INFO |   Batch 1500 / 5959: loss=0.994121 cross_entropy_loss=9.841285
2026-04-27,09:01:27 | INFO |   Batch 1600 / 5959: loss=0.964984 cross_entropy_loss=9.677476
2026-04-27,09:01:31 | INFO |   Batch 1700 / 5959: loss=0.976520 cross_entropy_loss=9.211520
2026-04-27,09:01:34 | INFO |   Batch 1800 / 5959: loss=1.000595 cross_entropy_loss=9.721682
2026-04-27,09:01:38 | INFO |   Batch 1900 / 5959: loss=0.948353 cross_entropy_loss=9.656128
2026-04-27,09:01:42 | INFO |   Batch 2000 / 5959: loss=0.987531 cross_entropy_loss=9.948362
2026-04-27,09:01:45 | INFO |   Batch 2100 / 5959: loss=0.965514 cross_entropy_loss=9.610353
2026-04-27,09:01:49 | INFO |   Batch 2200 / 5959: loss=1.007455 cross_entropy_loss=10.050049
2026-04-27,09:01:53 | INFO |   Batch 2300 / 5959: loss=0.965071 cross_entropy_loss=9.336483
2026-04-27,09:01:56 | INFO |   Batch 2400 / 5959: loss=0.983129 cross_entropy_loss=9.634681
2026-04-27,09:02:00 | INFO |   Batch 2500 / 5959: loss=1.000735 cross_entropy_loss=9.565992
2026-04-27,09:02:04 | INFO |   Batch 2600 / 5959: loss=0.978758 cross_entropy_loss=9.566154
2026-04-27,09:02:08 | INFO |   Batch 2700 / 5959: loss=0.982183 cross_entropy_loss=9.589767
2026-04-27,09:02:11 | INFO |   Batch 2800 / 5959: loss=0.981356 cross_entropy_loss=9.601093
2026-04-27,09:02:15 | INFO |   Batch 2900 / 5959: loss=0.972795 cross_entropy_loss=9.696976
2026-04-27,09:02:18 | INFO |   Batch 3000 / 5959: loss=0.972606 cross_entropy_loss=9.771466
2026-04-27,09:02:22 | INFO |   Batch 3100 / 5959: loss=0.994271 cross_entropy_loss=9.508670
2026-04-27,09:02:26 | INFO |   Batch 3200 / 5959: loss=0.978777 cross_entropy_loss=9.820119
2026-04-27,09:02:29 | INFO |   Batch 3300 / 5959: loss=0.993106 cross_entropy_loss=9.833749
2026-04-27,09:02:33 | INFO |   Batch 3400 / 5959: loss=0.978122 cross_entropy_loss=9.691327
2026-04-27,09:02:37 | INFO |   Batch 3500 / 5959: loss=0.977379 cross_entropy_loss=9.445004
2026-04-27,09:02:40 | INFO |   Batch 3600 / 5959: loss=0.986772 cross_entropy_loss=9.751981
2026-04-27,09:02:44 | INFO |   Batch 3700 / 5959: loss=0.977789 cross_entropy_loss=9.252449
2026-04-27,09:02:48 | INFO |   Batch 3800 / 5959: loss=0.980975 cross_entropy_loss=9.739532
2026-04-27,09:02:51 | INFO |   Batch 3900 / 5959: loss=0.973380 cross_entropy_loss=9.719172
2026-04-27,09:02:55 | INFO |   Batch 4000 / 5959: loss=0.981904 cross_entropy_loss=9.520311
2026-04-27,09:02:59 | INFO |   Batch 4100 / 5959: loss=0.977785 cross_entropy_loss=9.789960
2026-04-27,09:03:03 | INFO |   Batch 4200 / 5959: loss=1.006839 cross_entropy_loss=9.777555
2026-04-27,09:03:06 | INFO |   Batch 4300 / 5959: loss=0.989293 cross_entropy_loss=9.805561
2026-04-27,09:03:10 | INFO |   Batch 4400 / 5959: loss=0.982002 cross_entropy_loss=9.581497
2026-04-27,09:03:14 | INFO |   Batch 4500 / 5959: loss=1.004372 cross_entropy_loss=9.717798
2026-04-27,09:03:17 | INFO |   Batch 4600 / 5959: loss=0.988168 cross_entropy_loss=9.803351
2026-04-27,09:03:21 | INFO |   Batch 4700 / 5959: loss=0.999455 cross_entropy_loss=9.762451
2026-04-27,09:03:25 | INFO |   Batch 4800 / 5959: loss=0.954857 cross_entropy_loss=9.445742
2026-04-27,09:03:28 | INFO |   Batch 4900 / 5959: loss=0.994845 cross_entropy_loss=9.642311
2026-04-27,09:03:32 | INFO |   Batch 5000 / 5959: loss=1.007899 cross_entropy_loss=9.363473
2026-04-27,09:03:36 | INFO |   Batch 5100 / 5959: loss=0.992953 cross_entropy_loss=9.364519
2026-04-27,09:03:39 | INFO |   Batch 5200 / 5959: loss=0.980706 cross_entropy_loss=9.687072
2026-04-27,09:03:43 | INFO |   Batch 5300 / 5959: loss=0.981717 cross_entropy_loss=9.543834
2026-04-27,09:03:47 | INFO |   Batch 5400 / 5959: loss=0.998904 cross_entropy_loss=10.006470
2026-04-27,09:03:50 | INFO |   Batch 5500 / 5959: loss=0.970576 cross_entropy_loss=9.939566
2026-04-27,09:03:54 | INFO |   Batch 5600 / 5959: loss=0.976984 cross_entropy_loss=9.538838
2026-04-27,09:03:58 | INFO |   Batch 5700 / 5959: loss=0.964541 cross_entropy_loss=9.701141
2026-04-27,09:04:02 | INFO |   Batch 5800 / 5959: loss=0.993856 cross_entropy_loss=9.504776
2026-04-27,09:04:05 | INFO |   Batch 5900 / 5959: loss=0.957210 cross_entropy_loss=9.657168
2026-04-27,09:04:08 | INFO | Evaluating on validation set
2026-04-27,09:04:09 | INFO |   Batch 0 / 745: loss=9.949998
2026-04-27,09:04:09 | INFO |   Batch 100 / 745: loss=10.371934
2026-04-27,09:04:10 | INFO |   Batch 200 / 745: loss=9.808789
2026-04-27,09:04:11 | INFO |   Batch 300 / 745: loss=9.716623
2026-04-27,09:04:12 | INFO |   Batch 400 / 745: loss=10.054333
2026-04-27,09:04:13 | INFO |   Batch 500 / 745: loss=10.114635
2026-04-27,09:04:13 | INFO |   Batch 600 / 745: loss=9.697243
2026-04-27,09:04:14 | INFO |   Batch 700 / 745: loss=10.009527
2026-04-27,09:04:15 | INFO | New best model found
2026-04-27,09:04:15 | INFO | Epoch 18: cross_entropy_loss=9.622695 val_loss=9.919303 val_acc=0.267258
2026-04-27,09:04:15 | INFO |   Best val_acc=0.267258
2026-04-27,09:04:16 | INFO | Saved checkpoint for epoch 18.
2026-04-27,09:04:16 | INFO | Epoch 19/20, learning_rate=0.000049
2026-04-27,09:04:17 | INFO |   Batch 0 / 5959: loss=0.991485 cross_entropy_loss=9.830749
2026-04-27,09:04:20 | INFO |   Batch 100 / 5959: loss=0.974361 cross_entropy_loss=9.770342
2026-04-27,09:04:24 | INFO |   Batch 200 / 5959: loss=0.971107 cross_entropy_loss=9.375682
2026-04-27,09:04:28 | INFO |   Batch 300 / 5959: loss=0.998808 cross_entropy_loss=9.652644
2026-04-27,09:04:31 | INFO |   Batch 400 / 5959: loss=0.970451 cross_entropy_loss=9.793614
2026-04-27,09:04:35 | INFO |   Batch 500 / 5959: loss=1.006130 cross_entropy_loss=9.938759
2026-04-27,09:04:39 | INFO |   Batch 600 / 5959: loss=1.008473 cross_entropy_loss=9.774160
2026-04-27,09:04:42 | INFO |   Batch 700 / 5959: loss=0.985330 cross_entropy_loss=9.675785
2026-04-27,09:04:46 | INFO |   Batch 800 / 5959: loss=1.004837 cross_entropy_loss=9.688947
2026-04-27,09:04:50 | INFO |   Batch 900 / 5959: loss=0.993704 cross_entropy_loss=9.303087
2026-04-27,09:04:53 | INFO |   Batch 1000 / 5959: loss=1.000167 cross_entropy_loss=9.443673
2026-04-27,09:04:57 | INFO |   Batch 1100 / 5959: loss=1.003333 cross_entropy_loss=9.719787
2026-04-27,09:05:01 | INFO |   Batch 1200 / 5959: loss=1.004369 cross_entropy_loss=10.049868
2026-04-27,09:05:05 | INFO |   Batch 1300 / 5959: loss=0.982010 cross_entropy_loss=9.711946
2026-04-27,09:05:08 | INFO |   Batch 1400 / 5959: loss=0.976375 cross_entropy_loss=9.705095
2026-04-27,09:05:12 | INFO |   Batch 1500 / 5959: loss=0.955311 cross_entropy_loss=9.319163
2026-04-27,09:05:16 | INFO |   Batch 1600 / 5959: loss=0.974342 cross_entropy_loss=9.666290
2026-04-27,09:05:20 | INFO |   Batch 1700 / 5959: loss=0.991695 cross_entropy_loss=9.704879
2026-04-27,09:05:23 | INFO |   Batch 1800 / 5959: loss=0.970715 cross_entropy_loss=9.771197
2026-04-27,09:05:27 | INFO |   Batch 1900 / 5959: loss=1.008522 cross_entropy_loss=9.657703
2026-04-27,09:05:31 | INFO |   Batch 2000 / 5959: loss=0.987217 cross_entropy_loss=9.799394
2026-04-27,09:05:34 | INFO |   Batch 2100 / 5959: loss=0.997816 cross_entropy_loss=9.642575
2026-04-27,09:05:38 | INFO |   Batch 2200 / 5959: loss=0.985403 cross_entropy_loss=9.383873
2026-04-27,09:05:42 | INFO |   Batch 2300 / 5959: loss=0.975006 cross_entropy_loss=9.591421
2026-04-27,09:05:45 | INFO |   Batch 2400 / 5959: loss=0.981335 cross_entropy_loss=9.760139
2026-04-27,09:05:49 | INFO |   Batch 2500 / 5959: loss=0.981158 cross_entropy_loss=9.372487
2026-04-27,09:05:53 | INFO |   Batch 2600 / 5959: loss=1.000906 cross_entropy_loss=9.635560
2026-04-27,09:05:56 | INFO |   Batch 2700 / 5959: loss=0.980189 cross_entropy_loss=9.717953
2026-04-27,09:06:00 | INFO |   Batch 2800 / 5959: loss=0.978865 cross_entropy_loss=9.632820
2026-04-27,09:06:03 | INFO |   Batch 2900 / 5959: loss=0.975829 cross_entropy_loss=9.590899
2026-04-27,09:06:07 | INFO |   Batch 3000 / 5959: loss=0.986235 cross_entropy_loss=9.640105
2026-04-27,09:06:11 | INFO |   Batch 3100 / 5959: loss=0.986180 cross_entropy_loss=9.749859
2026-04-27,09:06:14 | INFO |   Batch 3200 / 5959: loss=1.009239 cross_entropy_loss=9.619050
2026-04-27,09:06:18 | INFO |   Batch 3300 / 5959: loss=0.974200 cross_entropy_loss=9.479307
2026-04-27,09:06:22 | INFO |   Batch 3400 / 5959: loss=1.003920 cross_entropy_loss=9.631374
2026-04-27,09:06:26 | INFO |   Batch 3500 / 5959: loss=0.982007 cross_entropy_loss=9.559214
2026-04-27,09:06:29 | INFO |   Batch 3600 / 5959: loss=0.978742 cross_entropy_loss=9.394313
2026-04-27,09:06:33 | INFO |   Batch 3700 / 5959: loss=1.001942 cross_entropy_loss=9.869582
2026-04-27,09:06:37 | INFO |   Batch 3800 / 5959: loss=1.004269 cross_entropy_loss=9.615252
2026-04-27,09:06:40 | INFO |   Batch 3900 / 5959: loss=1.002953 cross_entropy_loss=9.647005
2026-04-27,09:06:44 | INFO |   Batch 4000 / 5959: loss=0.966986 cross_entropy_loss=9.419169
2026-04-27,09:06:47 | INFO |   Batch 4100 / 5959: loss=0.992031 cross_entropy_loss=9.819797
2026-04-27,09:06:51 | INFO |   Batch 4200 / 5959: loss=0.978499 cross_entropy_loss=9.575263
2026-04-27,09:06:55 | INFO |   Batch 4300 / 5959: loss=0.988337 cross_entropy_loss=9.602101
2026-04-27,09:06:58 | INFO |   Batch 4400 / 5959: loss=0.982503 cross_entropy_loss=9.940938
2026-04-27,09:07:02 | INFO |   Batch 4500 / 5959: loss=1.004606 cross_entropy_loss=9.573295
2026-04-27,09:07:06 | INFO |   Batch 4600 / 5959: loss=0.987563 cross_entropy_loss=9.423204
2026-04-27,09:07:09 | INFO |   Batch 4700 / 5959: loss=0.979043 cross_entropy_loss=9.600115
2026-04-27,09:07:13 | INFO |   Batch 4800 / 5959: loss=1.012291 cross_entropy_loss=9.679681
2026-04-27,09:07:17 | INFO |   Batch 4900 / 5959: loss=0.991821 cross_entropy_loss=9.573390
2026-04-27,09:07:20 | INFO |   Batch 5000 / 5959: loss=0.994151 cross_entropy_loss=9.662942
2026-04-27,09:07:24 | INFO |   Batch 5100 / 5959: loss=0.992367 cross_entropy_loss=9.835047
2026-04-27,09:07:28 | INFO |   Batch 5200 / 5959: loss=0.972462 cross_entropy_loss=9.412043
2026-04-27,09:07:32 | INFO |   Batch 5300 / 5959: loss=1.006746 cross_entropy_loss=9.672957
2026-04-27,09:07:35 | INFO |   Batch 5400 / 5959: loss=0.983701 cross_entropy_loss=9.708716
2026-04-27,09:07:39 | INFO |   Batch 5500 / 5959: loss=0.977518 cross_entropy_loss=9.555628
2026-04-27,09:07:43 | INFO |   Batch 5600 / 5959: loss=0.999500 cross_entropy_loss=9.882196
2026-04-27,09:07:46 | INFO |   Batch 5700 / 5959: loss=0.984503 cross_entropy_loss=9.848815
2026-04-27,09:07:50 | INFO |   Batch 5800 / 5959: loss=0.980917 cross_entropy_loss=9.746902
2026-04-27,09:07:53 | INFO |   Batch 5900 / 5959: loss=1.007848 cross_entropy_loss=9.709965
2026-04-27,09:07:56 | INFO | Evaluating on validation set
2026-04-27,09:07:57 | INFO |   Batch 0 / 745: loss=9.947493
2026-04-27,09:07:58 | INFO |   Batch 100 / 745: loss=10.369719
2026-04-27,09:07:58 | INFO |   Batch 200 / 745: loss=9.806243
2026-04-27,09:07:59 | INFO |   Batch 300 / 745: loss=9.714104
2026-04-27,09:08:00 | INFO |   Batch 400 / 745: loss=10.051636
2026-04-27,09:08:01 | INFO |   Batch 500 / 745: loss=10.112220
2026-04-27,09:08:02 | INFO |   Batch 600 / 745: loss=9.694530
2026-04-27,09:08:02 | INFO |   Batch 700 / 745: loss=10.007229
2026-04-27,09:08:03 | INFO | New best model found
2026-04-27,09:08:03 | INFO | Epoch 19: cross_entropy_loss=9.616997 val_loss=9.916787 val_acc=0.267311
2026-04-27,09:08:03 | INFO |   Best val_acc=0.267311
2026-04-27,09:08:04 | INFO | Saved checkpoint for epoch 19.
2026-04-27,09:08:04 | INFO | Epoch 20/20, learning_rate=0.000012
2026-04-27,09:08:05 | INFO |   Batch 0 / 5959: loss=0.982369 cross_entropy_loss=9.594861
2026-04-27,09:08:09 | INFO |   Batch 100 / 5959: loss=1.000022 cross_entropy_loss=9.471227
2026-04-27,09:08:12 | INFO |   Batch 200 / 5959: loss=0.995677 cross_entropy_loss=9.846775
2026-04-27,09:08:16 | INFO |   Batch 300 / 5959: loss=0.982033 cross_entropy_loss=9.376254
2026-04-27,09:08:20 | INFO |   Batch 400 / 5959: loss=0.968121 cross_entropy_loss=9.926739
2026-04-27,09:08:23 | INFO |   Batch 500 / 5959: loss=0.990369 cross_entropy_loss=9.607550
2026-04-27,09:08:27 | INFO |   Batch 600 / 5959: loss=1.009265 cross_entropy_loss=9.596939
2026-04-27,09:08:31 | INFO |   Batch 700 / 5959: loss=0.992276 cross_entropy_loss=9.393523
2026-04-27,09:08:35 | INFO |   Batch 800 / 5959: loss=0.998931 cross_entropy_loss=9.482417
2026-04-27,09:08:38 | INFO |   Batch 900 / 5959: loss=0.972874 cross_entropy_loss=9.273375
2026-04-27,09:08:42 | INFO |   Batch 1000 / 5959: loss=1.009659 cross_entropy_loss=9.749309
2026-04-27,09:08:46 | INFO |   Batch 1100 / 5959: loss=1.011228 cross_entropy_loss=9.713607
2026-04-27,09:08:50 | INFO |   Batch 1200 / 5959: loss=0.971204 cross_entropy_loss=9.771432
2026-04-27,09:08:54 | INFO |   Batch 1300 / 5959: loss=1.012439 cross_entropy_loss=10.021546
2026-04-27,09:08:57 | INFO |   Batch 1400 / 5959: loss=0.989078 cross_entropy_loss=9.734047
2026-04-27,09:09:01 | INFO |   Batch 1500 / 5959: loss=0.995220 cross_entropy_loss=9.312642
2026-04-27,09:09:05 | INFO |   Batch 1600 / 5959: loss=0.989244 cross_entropy_loss=9.532209
2026-04-27,09:09:09 | INFO |   Batch 1700 / 5959: loss=1.004493 cross_entropy_loss=9.486574
2026-04-27,09:09:12 | INFO |   Batch 1800 / 5959: loss=0.975417 cross_entropy_loss=9.340322
2026-04-27,09:09:16 | INFO |   Batch 1900 / 5959: loss=0.980347 cross_entropy_loss=9.634360
2026-04-27,09:09:20 | INFO |   Batch 2000 / 5959: loss=0.988848 cross_entropy_loss=9.390790
2026-04-27,09:09:23 | INFO |   Batch 2100 / 5959: loss=0.973220 cross_entropy_loss=9.357512
2026-04-27,09:09:27 | INFO |   Batch 2200 / 5959: loss=0.984688 cross_entropy_loss=9.705066
2026-04-27,09:09:31 | INFO |   Batch 2300 / 5959: loss=1.000513 cross_entropy_loss=9.365861
2026-04-27,09:09:35 | INFO |   Batch 2400 / 5959: loss=0.989804 cross_entropy_loss=9.716889
2026-04-27,09:09:38 | INFO |   Batch 2500 / 5959: loss=0.989185 cross_entropy_loss=9.794751
2026-04-27,09:09:42 | INFO |   Batch 2600 / 5959: loss=1.005396 cross_entropy_loss=9.919322
2026-04-27,09:09:46 | INFO |   Batch 2700 / 5959: loss=0.995191 cross_entropy_loss=9.542550
2026-04-27,09:09:49 | INFO |   Batch 2800 / 5959: loss=1.016536 cross_entropy_loss=9.815505
2026-04-27,09:09:53 | INFO |   Batch 2900 / 5959: loss=0.995839 cross_entropy_loss=10.089331
2026-04-27,09:09:57 | INFO |   Batch 3000 / 5959: loss=1.023083 cross_entropy_loss=9.995404
2026-04-27,09:10:01 | INFO |   Batch 3100 / 5959: loss=0.978789 cross_entropy_loss=9.423450
2026-04-27,09:10:04 | INFO |   Batch 3200 / 5959: loss=0.988322 cross_entropy_loss=9.204909
2026-04-27,09:10:08 | INFO |   Batch 3300 / 5959: loss=0.973703 cross_entropy_loss=9.556661
2026-04-27,09:10:12 | INFO |   Batch 3400 / 5959: loss=1.000322 cross_entropy_loss=9.770229
2026-04-27,09:10:15 | INFO |   Batch 3500 / 5959: loss=0.997630 cross_entropy_loss=9.561440
2026-04-27,09:10:19 | INFO |   Batch 3600 / 5959: loss=0.996964 cross_entropy_loss=9.890917
2026-04-27,09:10:23 | INFO |   Batch 3700 / 5959: loss=0.983725 cross_entropy_loss=9.405325
2026-04-27,09:10:26 | INFO |   Batch 3800 / 5959: loss=0.979154 cross_entropy_loss=9.804518
2026-04-27,09:10:30 | INFO |   Batch 3900 / 5959: loss=0.989982 cross_entropy_loss=9.395013
2026-04-27,09:10:34 | INFO |   Batch 4000 / 5959: loss=0.996632 cross_entropy_loss=9.771751
2026-04-27,09:10:37 | INFO |   Batch 4100 / 5959: loss=0.980206 cross_entropy_loss=9.364654
2026-04-27,09:10:41 | INFO |   Batch 4200 / 5959: loss=0.976892 cross_entropy_loss=9.685185
2026-04-27,09:10:45 | INFO |   Batch 4300 / 5959: loss=0.991482 cross_entropy_loss=9.202454
2026-04-27,09:10:48 | INFO |   Batch 4400 / 5959: loss=0.976685 cross_entropy_loss=9.652019
2026-04-27,09:10:52 | INFO |   Batch 4500 / 5959: loss=0.997039 cross_entropy_loss=9.498015
2026-04-27,09:10:56 | INFO |   Batch 4600 / 5959: loss=0.996808 cross_entropy_loss=9.433978
2026-04-27,09:11:00 | INFO |   Batch 4700 / 5959: loss=1.011315 cross_entropy_loss=9.491878
2026-04-27,09:11:03 | INFO |   Batch 4800 / 5959: loss=0.979723 cross_entropy_loss=9.541880
2026-04-27,09:11:07 | INFO |   Batch 4900 / 5959: loss=0.996162 cross_entropy_loss=9.531115
2026-04-27,09:11:11 | INFO |   Batch 5000 / 5959: loss=0.987302 cross_entropy_loss=9.319156
2026-04-27,09:11:14 | INFO |   Batch 5100 / 5959: loss=0.984753 cross_entropy_loss=9.553824
2026-04-27,09:11:18 | INFO |   Batch 5200 / 5959: loss=0.982623 cross_entropy_loss=9.160539
2026-04-27,09:11:22 | INFO |   Batch 5300 / 5959: loss=0.982654 cross_entropy_loss=9.210086
2026-04-27,09:11:25 | INFO |   Batch 5400 / 5959: loss=0.995532 cross_entropy_loss=9.618739
2026-04-27,09:11:29 | INFO |   Batch 5500 / 5959: loss=1.000536 cross_entropy_loss=9.624372
2026-04-27,09:11:33 | INFO |   Batch 5600 / 5959: loss=0.986391 cross_entropy_loss=9.515385
2026-04-27,09:11:36 | INFO |   Batch 5700 / 5959: loss=0.982145 cross_entropy_loss=9.618073
2026-04-27,09:11:40 | INFO |   Batch 5800 / 5959: loss=0.976412 cross_entropy_loss=9.671706
2026-04-27,09:11:44 | INFO |   Batch 5900 / 5959: loss=1.008826 cross_entropy_loss=9.772557
2026-04-27,09:11:47 | INFO | Evaluating on validation set
2026-04-27,09:11:47 | INFO |   Batch 0 / 745: loss=9.946925
2026-04-27,09:11:48 | INFO |   Batch 100 / 745: loss=10.369203
2026-04-27,09:11:49 | INFO |   Batch 200 / 745: loss=9.805653
2026-04-27,09:11:50 | INFO |   Batch 300 / 745: loss=9.713547
2026-04-27,09:11:51 | INFO |   Batch 400 / 745: loss=10.051017
2026-04-27,09:11:51 | INFO |   Batch 500 / 745: loss=10.111681
2026-04-27,09:11:52 | INFO |   Batch 600 / 745: loss=9.693929
2026-04-27,09:11:53 | INFO |   Batch 700 / 745: loss=10.006725
2026-04-27,09:11:54 | INFO | Epoch 20: cross_entropy_loss=9.614780 val_loss=9.916222 val_acc=0.267311
2026-04-27,09:11:54 | INFO |   Best val_acc=0.267311
2026-04-27,09:11:55 | INFO | Saved checkpoint for epoch 20.
